"inst_name","grad_rate_6yr","pct_pell","pct_loan","cost_attendance","tuition_in_state","tuition_out_state","pct_admitted","enrollment","stud_fac_ratio","retention_rate","avg_fac_salary","instr_exp_per_stud","pct_full_time_fac","pct_first_gen","avg_age_entry","pct_female","pct_hispanic"
"Alabama A & M University",0.2403,62.98,74.54,27153,10024,18634,57.95,6124,19,0.6989,8699,7254,64.39,36.58280922,"20.283741368",56.40301318,2.06
"University of Alabama at Birmingham",0.6423,34.02,40.27,28145,9098,22562,88.18,11635,18,0.8009,12612,17855,77.04,34.1223671,"23.60797466",63.90907397,8.55
"University of Alabama in Huntsville",0.6429,24.64,32.55,27392,12132,26408,68.57,6591,17,0.8425,10639,9877,65.9,31.01321586,"22.727919632",47.63499372,8
"Alabama State University",0.3034,71.34,74.2,23586,11248,19576,97.55,3477,15,0.6975,8153,10723,64.77,34.34343434,"20.130990415",61.34185304,1.44
"The University of Alabama",0.7337,18.4,32.39,33382,12180,34172,76.65,33227,19,0.8949,11419,9728,79.04,22.57126887,"21.137701396",61.52524168,7.55
"Auburn University at Montgomery",0.326,42.35,42.47,21353,9700,20668,91.57,2542,13,0.6757,8974,7192,75.66,38.189609,"22.199804114",69.29480901,1.73
"Auburn University",0.8195,12.53,26.16,34919,12890,34922,45.92,26816,21,0.9478,12324,10067,86.66,17.26471191,"20.516795866",53.1504671,4.64
"Faulkner University",0.374,45.62,55.83,37626,23920,23920,73.07,1549,14,0.6447,7049,8533,60.14,43.00319489,"28.260475651",63.87315968,5.49
"Herzing University-Birmingham",0.125,67.71,80.27,27750,13450,13450,93.26,442,14,0.6667,7167,6265,47.37,52.09032652,"31.289940828",81.35465189,2.04
"Huntingdon College",0.4798,40.07,70.67,40908,29070,29070,69.49,879,15,0.6699,7725,7419,81.01,34.56,"23.017751479",47.04142012,5.46
"Jacksonville State University",0.5472,42.6,44.22,24257,12894,23334,77.69,7036,19,0.6457,8074,6997,64.52,36.37702504,"22.62058319",58.86792453,5.24
"University of West Alabama",0.347,58.17,65.73,22758,10990,20090,42.65,2974,19,0.6488,8001,8131,34,40.3210576,"22.259482759",55.77586207,2.56
"University of Mobile",0.5685,25.65,36.79,41115,26910,26910,77.89,1307,14,0.7396,5674,8091,100,32.42857143,"23.917989418",67.32804233,3.83
"University of Montevallo",0.541,32.38,41.45,27398,13948,26968,53.85,2151,13,0.7275,9085,15957,71.14,32.52375924,"21.02364532",68.27586207,7.53
"University of North Alabama",0.5491,24.35,32.3,23786,12120,22320,87.31,5811,18,0.7969,9167,7717,59.43,36.326024,"21.425309598",60.13931889,2.96
"Oakwood University",0.4462,44.37,56.91,40176,22512,22512,45.22,1153,14,0.7113,5513,9746,49.76,17.623498,"21.73015873",58.60805861,7.63
"Samford University",0.7704,11.09,26.88,57456,40150,40150,82.36,4206,14,0.9287,10188,16043,98.98,13.80552221,"21.151869159",65.88785047,4.95
"University of South Alabama",0.5267,37.96,47.33,25476,10116,19092,70.96,8879,19,0.7574,7761,11135,65.16,33.4257975,"21.947266881",62.29367631,5.67
"Spring Hill College",0.521,31.61,43.83,39936,24054,24054,76.57,782,11,0.7023,7892,9493,49.25,25.16339869,"19.902140673",64.52599388,9.72
"Stillman College",0.25,76.3,67.36,26107,12126,12126,62.25,706,13,0.5281,6164,5653,57.69,41.05058366,"21.027729636",46.10051993,0.28
"Talladega College",0.3091,66.62,63.55,25185,15650,15650,85.42,701,17,0.5441,6650,8403,48.86,39.80582524,"21.151639344",48.97540984,6.42
"Troy University",0.503,42.82,66.79,23165,10176,20352,96.04,9805,16,0.7121,7612,8209,48.36,38.98457122,"25.749796913",65.10154346,5.15
"Tuskegee University",0.5498,57.67,59.13,43454,25386,25386,48.68,2630,14,0.8068,7397,13438,92.45,23.06438468,"19.723193916",65.09505703,0.15
"University of Alaska Southeast",0.2805,14.3,11.44,21043,7056,20640,63.29,907,9,0.7647,9276,20844,51.7,39.51434879,"26.966861598",69.78557505,9.92
"Arizona State University Campus Immersion",0.6804,28.99,26.75,30111,12223,33139,89.89,64674,18,0.8664,12684,14734,72.98,38.13179205,"24.7478311",55.68306611,26.86
"University of Arizona",0.6752,25.7,25.52,29423,13926,42278,86.14,42537,20,0.8278,12347,15271,76.58,31.40729569,"21.308737695",56.28539071,28.15
"Embry-Riddle Aeronautical University-Prescott",0.6776,18.25,35.42,62798,44149,44149,76.58,3218,17,0.8216,10066,17147,81.4,35.54592721,"25.385231459",18.16434407,15.82
"Grand Canyon University",0.4346,45.94,53.01,32702,17850,17850,78.91,73371,20,0.7205,7563,2400,10.06,47.44080533,"31.015651921",74.3284234,24.59
"Northern Arizona University",0.6132,31.26,31.58,29933,13009,29881,89.61,22903,19,0.7548,9847,7753,71.84,38.68625756,"24.125097428",63.85814497,27.11
"Prescott College",0.5556,41.63,51.75,48532,35685,35685,94.51,219,8,0.7391,4764,6871,61.33,23.19587629,"27.980676329",69.56521739,8.68
"Arizona Christian University",0.3987,33.88,70.08,54792,35098,35098,70.62,1165,16,0.5372,5223,3977,26.56,38.25503356,"22.759109312",28.94736842,27.73
"University of Arkansas at Little Rock",0.4165,41.18,36.19,22519,9748,22158,58.78,4949,13,0.7647,8312,9265,100,39.10404624,"25.515523089",64.64909992,10
"Lyon College",0.4676,40.61,64.33,44978,31000,31000,62.76,648,11,0.7131,6336,19293,79.69,30,"19.920110193",43.25068871,6.48
"University of Arkansas",0.7052,17.79,33.29,27767,10104,29966,74.3,28677,20,0.8637,10657,10926,82.32,25.99614872,"21.283907238",55.88193956,11.84
"University of Arkansas at Pine Bluff",0.4043,69.5,57.53,21129,9412,17992,41.18,1807,12,0.6416,6201,12263,82.46,36.77375256,"21.153024911",59.60854093,3.1
"Arkansas State University",0.554,38.38,42.44,25082,8090,14522,82.26,9110,17,0.7812,7579,5703,100,38.82667965,"23.319087044",61.08749161,5.32
"Arkansas Tech University",0.4856,33.89,26.37,22808,8674,14668,95.89,5388,17,0.741,7047,6524,99.35,45.74780059,"23.041621268",56.61364132,12.27
"University of Central Arkansas",0.5353,37.98,39.93,25029,10523,18023,89.49,7762,15,0.7331,7499,9836,75.79,34.59589224,"21.152542373",61.65561287,8.75
"Central Baptist College",0.3411,39.82,46.73,30605,21330,21330,63.46,484,9,0.6275,5523,4192,32.47,34.55497382,"24.791962175",46.09929078,11.16
"Harding University",0.6879,23.81,43.76,39534,26262,26262,70.52,3382,13,0.864,8008,11670,65.55,20.54794521,"20.986959506",56.82910089,4.82
"Hendrix College",0.7235,23.19,45.28,55013,38200,38200,55.65,1100,11,0.7964,8185,15797,100,19.20668058,"19.430555556",50.5952381,8.27
"John Brown University",0.7179,23.7,33.21,44710,31756,31756,76.14,1471,15,0.8148,7468,9542,95.58,28.88283379,"24.157142857",61.55844156,13.39
"Ouachita Baptist University",0.614,23.41,45.91,47321,34500,34500,67.52,1602,14,0.8254,7702,10607,95.04,23.54892206,"19.762951334",49.45054945,6.3
"University of the Ozarks",0.5148,39.84,43.64,38666,25950,25950,59.51,767,14,0.6862,6231,15061,96.3,34.6875,"20.134831461",48.59550562,13.69
"Williams Baptist University",0.2564,54.38,46.64,33597,21070,21070,83.42,478,14,0.7015,5570,4360,100,32.35294118,"20.942307692",43.46153846,3.56
"Southern Arkansas University Main Campus",0.4882,48.2,62.78,24951,9960,15690,75.33,2708,16,0.6616,7469,6019,60.69,42.09215442,"21.33203125",56.19419643,5.8
"University of Arkansas-Fort Smith",0.3788,39.1,25.65,19048,7334,12182,80.46,4091,18,0.698,7331,7595,60.17,48.40221559,"22.930601698",56.36766334,20.04
"Art Center College of Design",0.7917,21.6,32.95,75649,54170,54170,74.54,2017,9,0.8594,9383,26617,19.08,24.28842505,"22.846570397",55.23465704,9.27
"Azusa Pacific University",0.6179,35.15,47.76,56313,44458,44458,88.43,2759,9,0.8402,10419,10283,100,37.98259924,"26.05728789",72.58883249,39.91
"Biola University",0.676,26.04,43.56,62757,48984,48984,74.35,3474,15,0.839,10336,12866,100,23.55072464,"20.36529372",66.77920324,24.09
"California Baptist University",0.6188,42.06,60.51,54038,41228,41228,84.88,8179,21,0.7436,10941,9630,48.45,41.60798122,"24.09567021",66.06170599,43.81
"California College of the Arts",0.6122,25.09,48.03,79776,60226,60226,91.1,990,8,0.867,9785,24140,22.42,24.41860465,"21.543243243",61.89189189,16.46
"California Lutheran University",0.696,31.09,49.85,68426,52560,52560,75.67,2296,13,0.7878,10794,12168,100,35.38587849,"22.313108614",61.72284644,40.98
"California Polytechnic State University-San Luis Obispo",0.864,19.24,24.87,32265,13596,34665,31.32,21996,19,0.9555,12673,11438,69.02,24.80620155,"20.141066545",50.29626253,25.25
"California State University-Bakersfield",0.498,60.65,23.26,19522,8090,20690,93.85,8577,20,0.7883,11613,8900,52.01,58.17223199,"23.174311927",64.26605505,69.56
"California State University-Stanislaus",0.5345,55.19,20.86,19739,8246,20846,98.14,8385,18,0.8246,11926,10889,54.11,59.94566858,"23.210428737",67.71726535,62.84
"California State University-San Bernardino",0.549,57.62,24.3,17427,8093,20693,93.74,15023,22,0.7959,11988,9661,48.85,59.68578162,"22.733373713",62.47122956,72.9
"California State Polytechnic University-Pomona",0.6843,46.33,24.58,23955,7780,20380,75.17,25042,25,0.8738,12943,8485,47.93,49.27816639,"22.382135827",49.47096457,55.25
"California State University-Chico",0.6278,42.52,32.41,26283,8472,21072,92.72,13631,23,0.8163,11664,8907,55.66,47.34012975,"22.35678392",57.45917085,38.89
"California State University-Dominguez Hills",0.4279,63.33,19.65,23191,7449,20049,93.3,12538,21,0.7365,11789,9329,46.78,59.05017921,"25.305068383",65.72807723,70.84
"California State University-Fresno",0.5696,56.97,19.09,20095,7350,19950,95.26,21605,22,0.8157,11540,9435,54.84,53.24517404,"22.340420892",62.11972522,63.21
"California State University-Fullerton",0.7018,48.07,21.98,18269,7470,20070,90.52,38546,26,0.8242,12295,7992,50.37,49.44552529,"22.855964516",59.80079371,56.2
"California State University-East Bay",0.4795,44.4,26.1,22850,7583,20183,97.39,9809,22,0.7569,12805,8602,48.07,50.92975207,"24.616321762",65.9212283,40.98
"California State University-Long Beach",0.6888,50.18,23.8,22679,7350,19950,46.27,35924,23,0.868,12276,8963,45.24,48.62716763,"22.631205088",59.01544561,52.46
"California State University-Los Angeles",0.5298,66.3,17.94,18403,7160,19760,91.25,19562,21,0.7185,12690,9018,41.56,61.53393718,"23.049723757",60.57798555,77.65
"California State University-Northridge",0.5695,56.07,21.39,20485,7458,20058,93.45,32691,25,0.7344,12456,8003,43.25,53.86728094,"22.681205723",57.94554799,57.91
"California State University-Sacramento",0.5629,49.13,22.82,22945,8018,20618,93.99,28350,24,0.8191,11717,8604,49,49.04833191,"23.194871795",59.33941764,38.36
"University of California-Berkeley",0.9284,28.64,16.83,45619,16347,50547,10.98,33068,18,0.9679,21246,23741,69.57,34.58005249,"21.506537388",54.64962539,22.1
"University of California-Davis",0.8567,31.35,19.7,41238,16774,50974,41.83,32253,22,0.9281,18357,34097,87.59,40.83114282,"21.202801724",62.67241379,25.1
"University of California-Irvine",0.8687,36.1,20.33,38632,15722,49922,28.57,30197,19,0.9405,19250,29852,83.18,43.98111723,"20.456399515",56.60897365,26.83
"University of California-Los Angeles",0.9262,28.24,18.77,38614,15203,49403,8.97,33475,20,0.9731,22848,73875,75.12,38.08913934,"21.083592708",60.31569586,24.24
"University of California-Riverside",0.7596,46.95,31.03,38942,15606,49806,76.39,22593,22,0.876,17096,16225,89.47,48.34699068,"20.26240301",57.68869034,39.89
"University of California-San Diego",0.8605,34.2,21.39,38701,16758,50958,26.71,34948,19,0.9402,19117,26067,87.66,39.57082833,"20.78065032",51.98560768,26.51
"University of California-Santa Barbara",0.8303,27.85,18.11,41573,16414,50614,32.97,23113,17,0.93,20677,17118,89.94,42.40058108,"20.176479775",57.78541309,27.21
"University of California-Santa Cruz",0.7509,31.57,28.36,41179,16005,50205,65.79,17940,22,0.8795,17994,13595,84.91,36.74975075,"20.455008787",54.30579965,28.63
"California Institute of the Arts",0.6667,24.24,36.24,77560,58996,58996,32.34,860,7,0.8239,10095,34675,44.74,15.73426573,"21.19205298",52.64900662,17.21
"California State University Maritime Academy",0.5972,25.1,39.29,29853,9944,22544,95.01,804,11,0.7746,12097,22010,78.95,19.94750656,"21.15920398",19.15422886,22.14
"Chapman University",0.8188,19.39,60.34,83146,64984,64984,65.43,7478,12,0.9181,13611,21557,100,17.87741203,"19.902770234",64.74741988,19.87
"Charles R Drew University of Medicine and Science",0.2963,53.59,64.56,39834,23000,23000,38.74,282,4,0.5,9291,23423,27.08,47.70642202,"28.516129032",67.74193548,17.73
"Concordia University-Irvine",0.5831,24.23,52.35,58682,43480,43480,65.99,1536,13,0.7483,8069,9280,100,28.38633687,"22.589552239",67.27078891,30.21
"San Diego Christian College",0.1967,45,35,31745,28012,28012,30.81,87,9,0.8571,7898,9990,19.35,40.83769634,"26.783216783",54.31235431,26.44
"University of Silicon Valley",0.2874,49.74,67.46,35722,22480,22480,51.18,455,13,0.6875,7964,5946,6.9,27.90697674,"21.332191781",34.24657534,26.59
"Dominican University of California",0.7805,31.9,57.55,71751,52161,52161,83.5,1114,8,0.8548,10036,14134,29.83,30.6122449,"21.482954545",72.91666667,32.32
"Fresno Pacific University",0.5,58.35,66.27,44249,36660,36660,64.07,1544,10,0.7157,8399,7528,100,46.57631954,"28.673539519",74.51317297,61.85
"California State Polytechnic University-Humboldt",0.4855,42.87,33.8,25170,8250,20850,98.2,5612,16,0.7599,11900,18064,51.76,44.061178,"22.30773496",58.71915719,28.6
"Life Pacific University",0.404,53.79,65.91,35062,22118,22118,95.8,456,12,0.7302,6254,6452,22.54,37.14285714,"21.878594249",55.2715655,44.08
"University of La Verne",0.6312,51.4,64.11,62278,49470,49470,71.17,3050,10,0.6445,10550,9908,29.74,50.62086093,"26.103714085",62.43868255,63.11
"Laguna College of Art and Design",0.5172,29.9,43.43,57989,37500,37500,94.32,746,9,0.8421,8099,11485,9.35,21.9895288,"21.415458937",71.98067633,23.99
"La Sierra University",0.5973,47.25,58.57,51459,37710,37710,91.5,1116,12,0.7729,8396,13162,64.29,39.61584634,"21.089770355",63.3611691,53.94
"The Master's University and Seminary",0.6773,21.24,38.12,54845,39020,39020,84.02,1622,13,0.8467,8083,8426,24.29,22.82608696,"22.258474576",45.97457627,20.1
"Loyola Marymount University",0.7887,13.22,29.47,83943,62357,62357,45.08,7094,10,0.8858,13834,19325,58.24,22.40373396,"20.600768808",59.91213619,25.22
"Menlo College",0.535,31.05,43.8,72020,53630,53630,68.47,752,14,0.6994,10344,8662,100,40.06849315,"20.857594937",50.94936709,32.18
"Mount Saint Mary's University",0.5325,57.1,67.74,66726,49564,49564,73.13,1719,8,0.7114,9605,13438,29.54,49.72592013,"23.69490485",93.12461633,57.48
"Musicians Institute",0.5281,19.87,21.67,52369,34322,34322,77.95,759,6,0.8,2761,6732,29.5,34.11552347,"24.488817891",21.24600639,7.91
"Newschool of Architecture and Design",0.619,52.11,53.99,62004,30291,30291,100,182,8,0.625,6140,7187,12.8,37.87878788,"24.364238411",35.09933775,41.21
"Occidental College",0.8088,16.56,37.15,84800,66274,66274,44.17,1877,9,0.8985,12349,24676,74.54,17.59259259,"19.459507042",58.45070423,17.63
"Otis College of Art and Design",0.663,33.63,44.49,75861,56488,56488,81.76,1223,9,0.7447,9491,20350,16.72,24.19354839,"21.628742515",61.67664671,23.39
"Hope International University",0.4944,44.26,56.83,51784,38050,38050,32.98,564,13,0.5244,7734,5305,31.67,38.63134658,"22.495145631",54.36893204,29.26
"Pacific Union College",0.5828,34,58.17,49404,37173,37173,47.3,805,12,0.8864,6738,19380,100,25.72463768,"21.49078727",61.64154104,30.43
"University of the Pacific",0.6905,36.12,40.25,71515,57080,57080,71.32,3204,13,0.8846,11952,22165,54.71,35.0177305,"20.865177196",59.01386749,28.53
"Pepperdine University",0.8335,20.25,37.31,93512,69918,69918,62.86,3553,12,0.8757,14314,10390,46.78,17.61658031,"20.930761622",58.7537092,19.42
"Pitzer College",0.8339,10.55,20.02,86466,65192,65192,25.16,1227,10,0.938,12503,26633,80.15,23,"20.453703704",58.33333333,12.06
"Point Loma Nazarene University",0.7717,21.44,49.87,60488,46250,46250,83.68,3188,13,0.8554,11862,11365,100,29.31174089,"23.331598513",68.55018587,26.98
"Pomona College",0.932,19.53,9.38,85300,65420,65420,7.09,1666,7,0.9755,15085,45049,94.2,29.91803279,"19.430188679",50.18867925,17.23
"University of Redlands",0.6727,36.45,55.41,76630,60878,60878,82.71,2049,10,0.8402,10565,14333,99.57,35.23459062,"23.381469115",59.2654424,45.1
"San Diego State University",0.7643,31.74,23.25,27780,8728,21328,36.19,35377,27,0.9063,13042,8619,50.05,41.19461928,"22.602686728",58.42020419,36.74
"University of San Diego",0.8367,20.92,32.4,78720,59486,59486,52.38,5671,13,0.914,13201,18725,54.46,24.86231314,"20.776548673",57.30088496,27.79
"San Francisco State University",0.5037,42.22,23.15,26488,7950,20550,96.44,18639,19,0.827,13199,10604,53.16,48.20712432,"22.6117357",58.40236686,40.08
"University of San Francisco",0.7006,27.96,46.94,80141,60492,60492,61.71,5287,11,0.8369,14860,20560,39.82,28.01204819,"20.968253968",67.55368814,22.41
"William Jessup University",0.5598,31.72,41.1,53703,37150,37150,93.33,1294,10,0.7688,8173,11189,30.43,32.68892794,"24.384244373",62.21864952,25.66
"San Jose State University",0.6922,35.24,19.52,26593,8410,21010,84.61,27601,25,0.8684,12896,9020,43.69,49.04813496,"22.704903455",52.1976626,32.5
"Santa Clara University",0.8792,11.27,37.41,82026,61293,61293,48,6552,11,0.9392,14682,22421,71.82,16.50589496,"20.242943548",54.23387097,19.8
"Simpson University",0.4884,44.11,62.65,54688,39708,39708,86.03,809,17,0.6042,7504,12171,100,37.57455268,"27.892086331",70.32374101,29.3
"Saint Mary's College of California",0.703,26.71,41.68,77659,57803,57803,86.53,1947,10,0.8537,11429,14094,61.1,25.52083333,"20.803393214",62.9740519,33.23
"Sonoma State University",0.5759,35.92,26.83,24648,8624,21224,93.43,5166,17,0.792,12780,11482,50.89,41.47465438,"22.006471495",66.68721109,42.43
"Vanguard University of Southern California",0.5677,43.78,56.82,52665,41700,41700,62.44,1933,13,0.7006,9494,8587,100,35.88362069,"21.842307692",66.05769231,47.18
"University of Southern California",0.9183,22.24,23.57,90300,72097,72097,9.81,20443,9,0.9593,17924,49674,58.98,24.71783296,"20.633517495",55.40647198,19.98
"Westmont College",0.7035,20.03,51.14,71150,53584,53584,77.05,1302,10,0.85,10166,22852,63.91,16.875,"19.672032193",60.36217304,23.35
"Whittier College",0.5996,33.91,53.88,63664,51350,51350,80.79,764,8,0.6621,9094,25263,74.38,33.52517986,"19.681578947",57.36842105,39.01
"University of Colorado Denver/Anschutz Medical Campus",0.4615,26.16,24.32,24902,10383,29391,74.68,10519,17,0.7265,12152,43845,64.68,37.94204883,"24.234349593",57.92682927,28.76
"University of Colorado Colorado Springs",0.4693,27.29,33.68,24595,10149,24336,97.35,8697,15,0.6835,9318,11886,62.2,31.34053805,"23.317987152",55.88865096,21.11
"University of Colorado Boulder",0.7419,14.49,24.8,37684,15666,44918,78.08,31939,19,0.9015,13324,18515,75.83,20.35731847,"20.481829574",48.15162907,13.64
"Colorado College",0.8766,14.45,25.73,86921,70734,70734,18.47,2014,9,0.9362,12786,34153,80.48,17.57188498,"19.440729483",62.00607903,10.82
"Colorado School of Mines",0.8171,13.57,31.67,40560,21914,45824,60.69,6155,18,0.9279,14000,20431,72.78,15.44642857,"20.823731728",28.37489252,14.25
"Colorado State University-Fort Collins",0.6651,21.09,31.56,31642,13373,34783,88.54,25538,17,0.8589,11801,16781,74.36,24.21371233,"21.382301548",54.96754868,16.04
"University of Denver",0.756,14.25,27.9,78476,61398,61398,77.81,6025,9,0.8894,13010,19940,52.99,19.03064861,"20.264305177",60.21798365,14.42
"Fort Lewis College",0.3564,34.92,29.95,27030,9958,21526,77.3,3079,14,0.6613,6374,10644,81.56,30.85036256,"21.814338235",52.87990196,15.2
"Colorado Mesa University",0.4061,28.09,30.86,24046,9927,25124,82.03,8143,18,0.7879,7747,10538,60.27,39.37549616,"22.303197884",52.92137533,20.89
"Metropolitan State University of Denver",0.3154,35.51,27.7,24622,11124,30684,98.8,15002,14,0.6289,10105,8036,100,40.46665746,"25.353740664",56.82625199,36.67
"Naropa University",0.3667,51.36,54.35,53397,36620,36620,100,339,10,0.5417,5935,14461,39.25,19.48051948,"24.546938776",66.12244898,14.16
"University of Northern Colorado",0.5124,26.18,36.52,29254,12416,27266,85.85,5598,14,0.7585,8988,10378,56.6,35.173132,"21.62580338",65.10354677,26.74
"Regis University",0.6102,31.83,40.86,54800,46340,46340,86.46,2627,11,0.7143,8318,11821,34.26,36,"27.834658188",64.12294648,37.72
"Colorado State University Pueblo",0.3973,28.57,23.24,23937,9720,17944,94.9,3042,16,0.6425,8216,6672,54.57,40.86781029,"23.515789474",52.99771167,38.95
"Western Colorado University",0.505,12.02,19.67,25736,11318,24434,99.71,1586,17,0.7238,7628,14568,67.89,24.96924969,"20.96287703",41.64733179,11.16
"Albertus Magnus College",0.5148,50.56,73.88,59407,41908,41908,59.31,991,17,0.6686,8245,8051,47.83,53.38235294,"28.57354759",69.4684796,28.66
"University of Bridgeport",0.4119,53.48,75.66,52957,35760,35760,83.02,1534,15,0.6129,7399,6944,36.43,42.4291498,"24.483914209",70.91152815,30.31
"Central Connecticut State University",0.4844,38.36,49.16,24870,13050,16550,73.33,7822,14,0.7711,10902,13976,46.84,38.74829932,"22.070153997",49.13224151,21.13
"Connecticut College",0.8205,14.19,35.44,84623,67242,67242,37.04,1937,9,0.8973,7781,12417,78.49,14.04255319,"19.53346856",66.73427992,11.51
"University of Connecticut",0.8329,25.38,41.56,39426,21044,43712,52.39,19835,17,0.9246,14634,23435,69.63,26.64932932,"20.321323247",53.09655084,16.68
"Eastern Connecticut State University",0.5752,28.68,48.16,31983,13928,17428,82.98,3418,15,0.8374,11210,14453,45.55,34.46535108,"21.013141162",58.11784655,14.72
"Fairfield University",0.843,6.92,43.22,76074,58350,58350,33.29,5373,12,0.9129,13298,15558,100,16.54441728,"19.908876669",64.57187745,8.88
"University of Hartford",0.5438,33.04,65.89,64729,49075,49075,95.75,4146,11,0.829,8428,16235,44.02,28.69217082,"20.24865758",56.71210244,19.05
"Mitchell College",0.4218,38.28,58.52,55621,40490,40490,94.66,377,11,0.5904,7511,7754,100,35.16483516,"20.620805369",43.62416107,19.36
"University of New Haven",0.6307,32.44,72.46,66962,47332,47332,60.38,4841,17,0.7648,11914,9780,24.22,28.5648785,"20.310183213",57.5202386,21.38
"Quinnipiac University",0.757,16.17,59.44,72215,55480,55480,72.15,6531,12,0.8912,11491,13460,35.98,19.93603412,"20.070648464",62.32081911,12.13
"Sacred Heart University",0.7346,15.8,57.17,69289,50404,50404,65.36,7087,15,0.8308,11014,9979,33.12,22.906641,"20.50951087",66.25905797,14.49
"University of Saint Joseph",0.6376,32.65,70.65,59900,47278,47278,78.59,838,10,0.8208,8639,14562,95.73,42.21748401,"23.075046904",96.81050657,18.5
"Southern Connecticut State University",0.4993,40.83,52.22,29673,13438,27378,91.47,6295,11,0.7787,11216,11507,44.33,39.0459364,"21.450685654",63.05379747,25.93
"Trinity College",0.8377,13.77,37.77,87840,70770,70770,29.25,2146,9,0.8995,11642,28943,87.96,17.84946237,"20.398785425",52.8340081,10.25
"Wesleyan University",0.9264,14.19,16.34,89020,70342,70342,16.49,3067,8,0.9488,14100,34729,90.21,19.6013289,"19.821100917",55.81039755,10.79
"Western Connecticut State University",0.5176,35.15,48.59,24877,13401,16901,87.01,3511,11,0.7319,11406,16024,100,37.98052281,"21.581449008",51.40747577,29.71
"Yale University",0.9574,20.39,5.4,88300,67250,67250,3.87,6758,5,0.9878,22590,80541,75,25,"19.532147743",50.06839945,16.59
"Delaware State University",0.391,48.53,52.22,27939,10670,20634,46.58,4398,17,0.6995,8869,8851,54,35.50453817,"20.151656556",66.54223052,8.25
"University of Delaware",0.8055,16.12,49.52,30952,16810,41400,70.6,19071,16,0.9196,14649,21941,99.39,17.0937108,"19.693425606",58.5467128,10.66
"Goldey-Beacom College",0.5743,37.89,34.47,26502,14940,14940,84.51,691,18,0.7181,8592,3874,26.44,42.17252396,"21.212389381",58.7020649,20.98
"American University",0.7549,13.88,37.99,76058,58771,58771,61.96,7266,10,0.882,13722,19197,58.74,15.6343443,"19.730314157",66.09547124,13.96
"The Catholic University of America",0.7947,20.32,47.79,75481,58378,58378,82.78,3154,11,0.8651,11252,22922,52.97,10.12658228,"20.094304388",57.98319328,22.16
"Gallaudet University",0.4726,57.89,38.19,40374,19654,19654,58.06,812,6,0.7114,10939,41824,100,33.85650224,"22.75984252",51.57480315,25.86
"George Washington University",0.8398,15.82,31.58,83856,67710,67710,47.09,11182,13,0.9223,16784,24525,49.29,16.06580329,"21.262289562",63.46801347,13.72
"Georgetown University",0.9481,10.12,17.88,88741,68017,68017,12.91,7569,11,0.9675,18098,37019,47.64,16.06456572,"20.123156342",58.99705015,5.92
"Howard University",0.6996,40,58.79,54630,35810,35810,41.34,10108,13,0.9088,11580,14944,64.25,23.63936229,"20.340277778",71.77579365,6.87
"Trinity Washington University",0.4929,54.49,40.71,33903,26610,26610,99.52,1414,9,0.6923,8291,7929,19.75,53.21821036,"24.540256709",97.89964994,32.11
"Baptist University of Florida",0.5185,39.88,19.03,23159,15000,15000,35.99,360,8,0.45,5515,9992,100,34.14634146,"26.005376344",47.31182796,7.78
"Barry University",0.3787,39.08,44.41,50778,34350,34350,77.24,2212,7,0.6337,8861,11546,28.3,43.55670103,"26.625468165",67.36222579,34.13
"Bethune-Cookman University",0.3052,78.3,82.03,29764,14794,14794,88.24,2732,17,0.6175,7167,11053,76,42.23088164,"20.22826087",60.409699,5.34
"Lynn University",0.5206,23.41,36.3,67880,44480,44480,73.47,2859,16,0.766,6894,7523,43.31,27.0096463,"21.295352324",59.67016492,17
"Albizu University-Miami",0.4,66.37,71.24,28344,13818,13818,75.71,287,12,0.8333,6867,5578,94.44,25.05800464,"26.48",80.42105263,91.64
"University of Central Florida",0.7801,32.34,22.58,23133,6368,22467,40.11,59146,28,0.9235,11575,7831,98.51,35.26400468,"23.064686174",58.91445164,31.76
"Eckerd College",0.6592,20.85,43.66,68944,51884,51884,75.8,1888,11,0.7584,8920,17363,89.18,20.37533512,"21.316455696",65.3164557,10.06
"Edward Waters University",0.2819,75.45,68.35,26617,16366,16366,84.95,1087,14,0.5385,5800,4916,100,50.41322314,"22.303278689",46.31147541,4.51
"Embry-Riddle Aeronautical University-Daytona Beach",0.6655,14.78,28.88,64632,44249,44249,64.81,7860,18,0.8806,10966,14657,87.61,35.54592721,"25.385231459",18.16434407,16.15
"Florida Agricultural and Mechanical University",0.5335,54.31,49.97,23970,5785,17725,20.56,7582,14,0.8918,9244,10680,99.84,36.59409484,"20.577104025",64.79351803,6.08
"Florida Atlantic University",0.6257,33.92,26.34,21522,4879,17324,66.13,23757,24,0.8447,10706,9412,75.25,38.77728309,"23.286651455",61.22837041,28.95
"Flagler College",0.5598,29.07,55.22,45744,29900,29900,80.76,2391,15,0.7553,7796,10177,48.65,28.03738318,"22.130147059",69.26470588,14.85
"Florida College",0.5404,23.14,41.55,34870,20360,20360,69.66,588,14,0.756,7129,15747,100,23.50746269,"19.975524476",52.44755245,8.67
"Florida Institute of Technology",0.6354,21.11,40.08,62440,45900,45900,57.7,3404,13,0.7995,11366,11908,75.54,40.13402829,"28.412055336",52.43741765,16.98
"Florida International University",0.7443,41.37,16.86,21462,6565,18964,54.66,39508,24,0.9185,11817,8518,97.61,41.40373893,"23.494468329",60.69360848,68.44
"Florida Memorial University",0.311,69.13,65.97,35809,20174,20174,85.26,1183,17,0.4952,7615,3701,69.23,46.01889339,"20.478065242",60.96737908,2.7
"Florida Southern College",0.7055,28.1,53.5,60768,44040,44040,64.42,2656,11,0.8,9031,11211,100,27.61989343,"21.217206133",68.56899489,17.85
"Florida State University",0.8561,22.97,20.38,25720,5656,18786,24.22,32212,17,0.9605,12841,13724,83.98,27.63640404,"20.6220056",58.44654153,23.47
"University of Florida",0.9112,21.66,10.69,22523,6381,28659,24.2,35629,16,0.9771,13581,23406,89.59,30.76658251,"21.401052858",59.37902879,24.64
"Jacksonville University",0.5065,30.73,45,63969,47830,47830,56.94,2930,11,0.7467,8698,10576,54.59,35.6017192,"26.625",66.4921466,15.73
"Keiser University-Ft Lauderdale",0.6101,57.32,71.35,43251,25056,25056,96.97,17678,14,0.7102,6172,5657,62.49,47.65165664,"28.921110852",74.34210526,29.46
"University of Miami",0.8368,14.86,26.55,86078,62616,62616,18.9,12913,11,0.9377,16043,36040,70.78,20.09592326,"20.856624319",57.44101633,24.31
"University of North Florida",0.6921,30.75,22.69,20983,6389,20793,53.24,13359,19,0.8466,9595,8135,98.28,31.708351,"22.839098636",61.45483297,16.78
"Nova Southeastern University",0.6334,35.81,45.13,56692,38700,38700,73.21,7240,16,0.7564,11462,18297,48.2,37.3340143,"24.438069217",74.59016393,32.56
"Palm Beach Atlantic University",0.5534,22.96,37.23,53827,40650,40650,81.99,2603,13,0.6796,9265,12213,100,22.00374532,"22.171328671",67.83216783,18.44
"Ringling College of Art and Design",0.7207,21.08,38.27,80276,57900,57900,69.65,1662,11,0.8635,9869,20516,75.43,16.83168317,"20.704545455",68.37121212,16.61
"Rollins College",0.7505,22.85,39.38,76108,60580,60580,47.54,2631,12,0.8524,10589,13624,81.65,23.75328084,"22.0975",64.25,18.62
"Saint Leo University",0.45,32.49,32.03,45264,30000,30000,78.4,6721,25,0.5922,8688,4336,17.73,49.10432034,"30.968371976",67.21270161,15.89
"University of South Florida",0.7676,29.36,23.86,22859,6410,17324,43.19,37207,22,0.9128,11342,13361,73.08,35.75418994,"22.945783544",60.5735746,24.2
"St. Thomas University",0.4806,26.97,30.85,51205,34770,34770,97.91,2214,17,0.5656,8625,5550,100,41.27358491,"24.237623762",54.25742574,34.33
"Stetson University",0.6229,37.21,46.41,72533,57410,57410,71.6,2297,10,0.7818,11041,14922,66.04,26.72482157,"20.056784661",61.57817109,22.12
"Southeastern University",0.4255,21.51,27.82,49329,32950,32950,52.98,4813,19,0.6989,7041,3698,100,34.58522493,"23.390426328",55.87135378,23.12
"The University of Tampa",0.637,15.16,67.25,51614,34408,34408,40.34,10572,17,0.8545,10846,8718,100,25.23762701,"20.279962547",63.51435705,13.45
"Trinity Baptist College",0.3418,50.13,84.94,26995,15100,15100,53.28,386,11,0.5667,5460,2321,20.59,34.06113537,"22.528957529",40.15444015,12.18
"Trinity College of Florida",0,47.62,58.73,24904,16300,16300,91.89,148,12,0.28,5600,4599,34.78,41.12149533,"27.325203252",42.27642276,17.57
"Warner University",0.4213,50.88,53.63,41044,29992,29992,42.81,756,13,0.4392,5033,5418,33.64,42.51207729,"25.363380282",45.91549296,21.69
"Webber International University",0.2796,47.67,62.91,50989,33770,33770,69.4,813,17,0.4118,5063,3881,27.84,36.68341709,"21.516959064",34.61988304,15.38
"University of West Florida",0.588,33.09,25.24,19947,6360,19241,58.24,9330,22,0.8876,10653,6911,100,36.10013175,"24.359405458",59.69785575,11.93
"Abraham Baldwin Agricultural College",0.3615,34.74,23.46,13956,3268,10588,75.72,3208,21,0.6917,7551,7164,74.61,34.43449048,"21.321301474",57.39705135,11
"Andrew College",0.3281,65.99,76.53,37612,19604,19604,45.73,473,19,0.4,5387,8146,61.54,32.96296296,"19.88961039",49.02597403,8.25
"Point University",0.3407,24.68,13.68,33564,24000,24000,44.26,1996,15,0.7413,5969,3040,100,36.34259259,"23.644139388",43.29461457,13.43
"Clark Atlanta University",0.4902,70.47,80.17,43676,28310,28310,64.22,3603,16,0.707,8446,9940,59.36,32.24773091,"19.823749416",76.2973352,1.22
"Berry College",0.6949,26.77,38.86,56697,41686,41686,64,2245,12,0.8351,9319,15808,79.91,16.87413555,"19.653846154",61.93633952,11.22
"Brenau University",0.3291,45.86,69.87,46010,34027,34027,87.78,1029,11,0.6497,7783,10992,55.47,40.32411821,"29.514096186",89.80099502,21.09
"Brewton-Parker College",0.2103,45.19,34.51,38918,20120,20120,96.49,774,15,0.4843,5765,5545,95.65,37.6146789,"20.842975207",37.19008264,11.37
"College of Coastal Georgia",0.2559,40.47,28.38,21924,3616,10936,98.13,2979,22,0.5866,8029,7600,73.2,37.82559456,"22.928900256",68.28644501,9.43
"Clayton  State University",0.3986,52.17,38.04,17415,5180,16532,68.45,4348,20,0.7088,8662,7880,68.79,37.92387543,"25.827098675",70.63328424,12.26
"Columbus State University",0.4176,44.64,37.76,21676,5898,17610,99.12,5625,16,0.6966,8802,7245,59.39,32.95178633,"23.558638083",63.1778058,9.32
"Emmanuel University",0.4228,28.69,41.81,37604,25500,25500,74,775,11,0.7094,5038,4524,35.48,35.61946903,"20.096114519",45.19427403,6.84
"Emory University",0.9109,18.21,10.61,83622,64280,64280,10.65,7298,10,0.957,16636,55602,76.29,16.38702461,"20.600106213",66.06479023,12.11
"Fort Valley State University",0.4111,73.32,68.44,19879,5526,16932,65.87,2684,21,0.7851,7426,5828,68.88,34.23493045,"21.706813489",57.39848589,3.06
"Georgia Institute of Technology-Main Campus",0.9402,13.9,16.97,28167,12058,34484,14.07,18785,17,0.9808,15393,11809,90.18,14.91513182,"20.528551532",37.74373259,8.62
"Georgia Southwestern State University",0.4064,43.44,37.21,20484,5220,16572,75.17,2424,18,0.5755,8122,7119,71.28,34.52012384,"24.136039886",65.95441595,4.46
"Georgia College & State University",0.6361,17.57,34.27,30258,9186,29512,78.23,5947,17,0.8235,8775,7038,79.66,19.9066874,"20.107355865",64.11530815,7.2
"Georgia Southern University",0.549,36.25,35.58,24430,6022,17734,87.89,21790,25,0.7783,9310,5399,83.81,25.10034404,"20.740237005",52.93563156,7.64
"Georgia State University",0.5306,50.75,40.46,28241,8664,24840,55.44,26623,25,0.7986,10404,6675,74.91,32.32381391,"23.290572339",63.00794494,14.96
"University of Georgia",0.8969,16.75,19.54,27993,11450,31688,37.7,32137,17,0.9404,12879,11512,90.25,18.15059082,"20.454007884",57.43758213,7.96
"Gordon State College",0.2043,48.43,35.52,14771,3628,10948,85.9,2544,20,0.5122,7589,4910,43.32,37.81278962,"21.516701031",63.29896907,6.29
"LaGrange College",0.4692,43.13,67.87,49681,35400,35400,62.09,636,13,0.6721,6863,13052,100,25.45126354,"21.045075125",43.23873122,7.23
"Life University",0.3793,39.98,52.35,41295,15036,15036,93.03,893,15,0.6281,7524,6898,55.56,29.21108742,"24.52259332",57.76031434,18.14
"Herzing University-Atlanta",0.1395,70.34,79.16,27007,13450,13450,93.75,387,14,0.25,7516,4184,24.32,52.09032652,"31.289940828",81.35465189,8.27
"Mercer University",0.6962,35.43,62.45,58204,42312,42312,68.89,4500,11,0.8216,9556,14074,98.03,28.19956616,"25.524951076",66.38943249,9.11
"Oglethorpe University",0.541,35.96,68.38,60581,47590,47590,88.45,1352,13,0.7333,7901,5789,62.07,19.92409867,"20.604938272",60.14109347,30.7
"Paine College",0.1443,75.58,76.45,27431,14596,14596,95.43,388,11,0.5357,3659,8166,56.41,37.85714286,"20.809677419",55.48387097,4.9
"Piedmont University",0.4741,42.35,65.82,46801,31700,31700,93.28,1117,12,0.6982,7502,8051,61.96,31.48648649,"23.332080201",66.79197995,12.09
"Reinhardt University",0.4357,39.83,56.28,46386,30074,30074,61.54,1066,11,0.6222,5983,8500,51.94,36.5456821,"23.955377574",42.79176201,8.91
"Savannah College of Art and Design",0.6941,18.82,33.71,63627,41630,41630,82.98,15243,21,0.8633,10950,8616,89.51,17.63042112,"20.956806673",69.0795353,7.79
"Shorter University",0.3769,37.52,48.49,35726,24630,24630,96.46,1028,14,0.6053,5054,5023,58.78,35.38461538,"26.018572825",54.64320626,10.41
"Thomas University",0.2754,55.35,82.64,23079,11640,11640,38.3,998,12,0.4925,5844,10947,17.83,45.51148225,"27.933085502",57.24907063,5.51
"Toccoa Falls College",0.4366,16.11,19.16,37561,23950,23950,65.96,875,18,0.625,6124,4266,24.64,29.95689655,"22.21010101",50.70707071,9.26
"Truett McConnell University",0.3781,10.15,15.08,39152,26792,26792,78.26,744,15,0.6698,4901,4143,100,28.94736842,"20.986636971",56.1247216,3.9
"Valdosta State University",0.4236,52.28,43.96,20801,6124,17836,72.29,6622,17,0.7187,8606,7133,68.45,30.75430512,"22.320455561",62.77355962,11.54
"University of West Georgia",0.4349,40.4,34.6,21981,6088,17800,51.61,7520,18,0.775,8656,9152,57.36,31.8805185,"21.510015408",64.35541859,10.16
"Young Harris College",0.4175,20.38,32.72,48301,32305,32305,62.64,755,13,0.6461,6302,8200,37.01,28.2,"19.80148423",59.18367347,4.64
"Chaminade University of Honolulu",0.554,41.33,37.3,45798,30874,30874,91.43,1672,11,0.7037,9015,11964,98.13,42.33825199,"24.24012474",71.30977131,13.34
"University of Hawaii at Hilo",0.4837,40.39,30.03,21173,7838,20798,60.63,2160,11,0.7275,12097,23630,76.38,36.55063291,"24.144832606",68.92285298,16.53
"University of Hawaii at Manoa",0.6429,26.23,27.43,26433,12186,34218,86.6,15029,15,0.8072,14472,24611,79.88,33.84306844,"22.499538319",59.87996307,14.65
"Hawaii Pacific University",0.3489,21.45,22.55,50674,34392,34392,85.87,2392,15,0.5645,9549,5539,54.77,35.83756345,"23.115279048",69.44190302,25
"University of Hawaii-West Oahu",0.4955,32.06,21.13,18410,7584,20544,95.34,2519,17,0.7795,11565,16313,60.82,42.53597122,"27.66507177",70.33492823,15.6
"Boise State University",0.602,18.08,23.88,28224,9048,27788,87.21,17674,20,0.7885,9887,8864,56.88,33.47085202,"23.650083195",56.921797,15.88
"University of Idaho",0.5728,23.48,38.18,23738,9084,28320,75.53,7747,18,0.7559,10288,14991,85.23,31.78761062,"21.458624128",50.58158857,10.09
"The College of Idaho",0.6254,25.17,47.28,50542,37845,37845,49.1,1041,10,0.8185,7798,10689,61.94,26.80722892,"20.354570637",48.19944598,17.68
"Lewis-Clark State College",0.4017,24.28,26.05,21925,7610,22028,87.69,2385,16,0.6105,7551,9626,95.54,40.47013977,"25.071305348",63.54226567,9.73
"Northwest Nazarene University",0.7076,29.76,61.33,55163,40794,40794,64.74,1024,14,0.7741,6760,6557,100,33.88429752,"24.604006163",62.5577812,15.23
"School of the Art Institute of Chicago",0.6699,18.73,37.41,75625,56420,56420,77.47,2805,10,0.8383,11628,18435,21.59,21.2636695,"21.148105626",72.21584386,13.23
"Augustana College",0.7286,24,55.27,63553,51598,51598,62.68,2490,12,0.8211,8300,11113,78.04,22.24352828,"19.553406998",58.83977901,12.89
"Aurora University",0.6032,44.95,47.36,40625,29170,29170,80.85,3974,18,0.7706,9142,5125,24.68,45.69466455,"23.373099954",66.51312759,42.53
"Blackburn College",0.5749,49.87,61.44,37916,28149,28149,63.19,471,11,0.6721,8514,12832,71.93,43.95604396,"20.555555556",56.03864734,9.55
"Bradley University",0.7617,31.65,63.4,54730,42160,42160,76.76,3574,11,0.8265,9409,17531,55.48,23.60436893,"20.055747126",52.98850575,14.86
"Chicago State University",0.1549,57.86,78.13,29764,12754,12754,43.26,1384,9,0.5732,8878,28026,100,42.02453988,"28.718628215",70.38191738,9.83
"University of Chicago",0.9585,15.26,4.7,90360,70662,70662,4.48,7569,5,0.9926,19806,96069,84.93,20.2435312,"20.008797654",51.90615836,16.94
"Columbia College Chicago",0.5155,45.96,55.53,51889,34088,34088,89.46,5368,15,0.6603,9323,10551,37.38,24.94863516,"21.027710519",61.15146624,28.22
"Concordia University-Chicago",0.3646,45.68,56.94,45383,37488,37488,92.79,1323,13,0.605,6759,5834,69.72,38.50063532,"22.408529742",57.23905724,37.87
"DePaul University",0.678,31.78,45.85,63052,45999,45999,75.89,14090,17,0.855,12717,13870,49.85,30.23514164,"22.141913633",55.0042337,24.87
"Eastern Illinois University",0.4736,29.41,31.38,26996,13679,16217,65.35,4188,14,0.7171,9482,10847,77.11,34.21643467,"21.899513776",60.65640194,10.24
"Elmhurst University",0.7,36.81,76.9,54679,42955,42955,73.64,3006,15,0.799,8989,8751,40.38,35.1910828,"21.975236708",60.74289876,33.83
"Eureka College",0.4161,48.58,76.47,39578,29096,29096,84.99,522,14,0.5039,5632,7279,68.75,34.15977961,"20.637279597",48.11083123,13.41
"Governors State University",0.2211,53.59,38.49,24227,12004,12004,48.27,2556,11,0.5622,8619,13036,50.87,42.61943103,"27.917609778",67.63241286,19.91
"Greenville University",0.3982,38.89,56.64,45091,32200,32200,97.5,955,13,0.7081,6650,7399,100,31.12701252,"22.476109215",44.70989761,8.17
"University of Illinois Chicago",0.6162,48.93,21.86,27521,14338,29884,77.35,22170,17,0.8021,14621,28590,71.04,44.39779965,"21.089593212",52.84502121,36.15
"Benedictine University",0.5033,39.47,46.04,46713,35940,35940,95.23,1942,15,0.6601,8516,7813,34.65,34.31952663,"23.520921771",57.61067314,21.47
"University of Illinois Urbana-Champaign",0.8513,23.41,27.38,33642,16004,35124,42.37,36258,20,0.948,14464,14929,72.76,24.93020998,"19.852831045",49.48371724,14.41
"Illinois Wesleyan University",0.747,26.33,63.32,70700,57704,57704,39.31,1582,12,0.8005,8828,19373,56.45,17.72575251,"19.448051948",52.27272727,11.69
"Illinois College",0.6382,38.39,82.74,48955,38676,38676,78.19,930,12,0.7063,7671,11586,70.59,31.09756098,"19.840607211",55.59772296,9.68
"Illinois Institute of Technology",0.7521,30.01,28.71,68164,52386,52386,54.93,2833,14,0.8596,12710,11936,59.56,32.23767383,"21.882219706",30.01132503,27.92
"Illinois State University",0.6454,32.07,43.08,34309,16144,28210,88.15,19057,19,0.8144,9453,9152,73.63,29.64350118,"20.548777315",56.24349636,14.27
"Judson University",0.5987,38.71,55.36,43137,31360,31360,47.59,708,10,0.5917,6024,8178,28.02,35.62753036,"26.304812834",61.31907308,26.27
"Knox College",0.6773,30.87,67.33,68134,57903,57903,70.79,1127,11,0.8313,7221,17885,72.44,27.84552846,"19.565464896",60.5313093,13.04
"Lake Forest College",0.7778,32.24,66.54,70655,56402,56402,56.81,1813,13,0.8988,9044,11874,100,24.58715596,"19.898648649",60.30405405,18.09
"Lewis University",0.6661,32.55,42.17,47313,39200,39200,71.29,4015,13,0.7915,10457,11056,40.06,39.40031562,"22.443587271",54.91803279,27.57
"Loyola University Chicago",0.7304,23.75,44.81,67408,53710,53710,81.6,11737,13,0.8167,11515,14058,52.45,27.68674699,"20.963474388",68.53006682,23.29
"McKendree University",0.5333,33.6,41.79,48845,34740,34740,71.72,1752,16,0.6735,7069,4640,100,32.55813953,"23.135640786",54.25631431,4.68
"Millikin University",0.5494,37.57,55.75,57475,26892,26892,66.68,1382,10,0.75,6557,12211,71.39,31.84782609,"21.179616549",54.49041372,3.84
"Monmouth College",0.6461,37.14,75.38,57157,44922,44922,90.93,702,9,0.7441,6882,16969,69.15,32.24400871,"19.733855186",45.98825832,10.68
"Moody Bible Institute",0.6233,36.27,41.7,34327,15786,15786,82.69,1510,14,0.839,9213,13607,34.74,28.08988764,"24.862174579",45.0229709,7.28
"National Louis University",0.3014,55.15,21.75,24154,12705,12705,95.05,4406,17,0.5042,6891,5908,98.15,50.44483986,"30.24099723",75.13850416,49.73
"North Central College",0.64,23.95,47.98,57219,45726,45726,77.33,2428,12,0.7713,9075,11500,57.4,26.59660469,"20.473484848",53.86363636,19.19
"North Park University",0.5772,44.34,50.19,44172,36710,36710,68.51,1818,12,0.6166,8245,9612,100,36.98324022,"22.218719212",61.28078818,34.93
"Northern Illinois University",0.4866,47.32,46.72,28851,13248,13248,69.79,11301,15,0.6962,11060,14474,75.16,38.32968636,"21.941079658",53.4562212,25.75
"Northwestern University",0.9513,18.55,17.08,91250,68322,68322,7.69,9201,6,0.981,20322,48932,82.97,15.15711645,"20.452494062",52.43467933,15.75
"Northeastern Illinois University",0.2165,55.67,19.2,26960,12383,22726,74.6,3982,9,0.5233,9265,18253,68.11,50.86887836,"24.794679186",60.59467919,52.34
"Olivet Nazarene University",0.6084,38.04,63.24,51981,38900,38900,55.86,2603,15,0.7083,7582,8761,46.23,27.68395657,"22.803428571",62.57142857,13.22
"Quincy University",0.4504,29.73,54.34,50091,37140,37140,50.93,1010,12,0.7003,6758,6923,50.41,33.00492611,"21.349845201",53.86996904,9.11
"Rockford University",0.472,48.35,57.13,49169,37780,37780,92.91,972,10,0.6526,6658,9830,45.95,41.83864916,"22.71331058",56.99658703,22.84
"Roosevelt University",0.3514,51.32,53.74,35332,21315,21315,97.16,2849,11,0.6162,8563,10228,31.17,36.83794466,"23.781359495",66.15276804,34.71
"Dominican University",0.5526,51.52,50.02,43891,38978,38978,90.32,2561,12,0.7793,8029,11343,38.29,50.74626866,"21.659727782",69.73578863,69.23
"University of St Francis",0.6682,39.34,76.04,46239,38110,38110,65.29,1223,15,0.7876,8272,6677,96.55,42.37804878,"23.167130919",64.48467967,34.1
"Saint Xavier University",0.5661,58.87,86.54,43244,37940,37940,84.3,3096,16,0.7573,8124,7407,29.32,49.3877551,"21.661971831",66.49061033,52.58
"University of Illinois Springfield",0.5321,37.36,36.81,25521,12252,22017,85.88,2263,13,0.748,9921,9051,60.38,36.24382208,"25.824757644",57.04697987,11.89
"Southern Illinois University-Carbondale",0.6241,38.83,44.65,28329,13334,13334,86.88,8494,11,0.668,8501,18042,79.49,35.25195024,"22.183824929",48.96289248,10.3
"Southern Illinois University Edwardsville",0.5697,32.66,38.35,28919,12922,12922,97.5,8750,15,0.757,9158,14215,72.04,30.68748645,"21.766168149",57.92239289,6.55
"Trinity Christian College",0.5752,34.58,55.5,35012,20605,20605,84.92,820,10,0.8145,7524,12581,47.2,32.90909091,"24.575364668",68.88168558,22.07
"Trinity International University-Illinois",0.461,89.29,61.43,16515,12320,12320,100,55,3,0.125,6689,14768,28.44,29.60526316,"26.555335968",43.08300395,21.82
"Western Illinois University",0.4522,28.06,31.74,28254,15264,15264,71.18,4410,12,0.6137,10238,12650,85.37,37.70755222,"21.565811556",56.14960441,11.93
"Anderson University",0.5379,36.26,58.26,51585,37240,37240,79.34,1057,10,0.5993,6746,11586,97.59,23.16513761,"21.994571118",56.35179153,6.62
"Ball State University",0.6234,34.71,42.62,26146,11082,29630,85.5,13988,14,0.777,8408,10844,76.7,27.72175946,"20.629952896",59.82266556,7.97
"Bethel University",0.5322,33.49,45.78,43885,34600,34600,97.66,1008,12,0.724,6402,8969,100,32.45125348,"24.841352406",66.31989597,11.51
"Butler University",0.8038,15.05,42.66,65970,47560,47560,85.08,4317,11,0.8749,9694,14447,99.75,12.95116773,"19.714285714",60.11042098,7.37
"DePauw University",0.7469,16.37,31.7,74320,59070,59070,57.19,1905,10,0.8858,10094,24399,85.42,16.35111876,"19.544861338",50.24469821,8.29
"Earlham College",0.69,24.41,43.31,67684,53930,53930,73.11,670,7,0.7723,8169,38316,95.83,22.62569832,"19.548387097",57.52688172,6.12
"University of Evansville",0.6446,24.47,41.24,57451,44172,44172,77.6,1539,10,0.8333,8723,14219,92.44,27.45901639,"20.501925546",61.36071887,6.24
"Franklin College",0.603,36.44,54.23,54178,38710,38710,69.8,900,12,0.7294,7146,10297,72.9,29.37625755,"19.87283237",46.62813102,5.44
"Goshen College",0.65,35.83,47.48,48449,38890,38890,84.07,773,9,0.8013,6513,14298,58.04,36.89839572,"23.461538462",67.06730769,27.43
"Grace College and Theological Seminary",0.6877,29.06,49.75,41838,31200,31200,82.15,1464,23,0.7737,7538,7409,98.48,28.14009662,"22.888888889",62.88659794,7.51
"Hanover College",0.6713,25.83,51.66,58821,44638,44638,83.7,1031,11,0.8182,8708,21982,100,25.32188841,"19.609053498",53.08641975,4.07
"Holy Cross College",0.7289,29.75,70.65,50881,36600,36600,75.18,639,13,0.7039,7176,7260,42.17,28.81944444,"21.069078947",40.13157895,27.07
"Huntington University",0.636,27.37,39.04,42157,31870,31870,75.64,1082,11,0.8381,6692,11842,100,31.09452736,"21.992874109",66.27078385,6.84
"Purdue University Fort Wayne",0.3627,24.77,24.02,22183,9532,22887,83.89,5484,13,0.6657,8912,10031,97.55,35.19736842,"21.684561892",58.72044506,11.34
"Indiana University-Indianapolis",0.5445,37.3,33.16,23316,10762,34891,76.37,13830,13,0.7219,9620,23466,52.55,35.08614903,"22.085192487",60.9940853,15.61
"University of Indianapolis",0.5582,32.58,38.16,52590,37200,37200,66.5,3005,12,0.7104,8128,10874,100,31.81126332,"21.897593204",67.53185465,11.28
"Indiana Institute of Technology",0.4779,35.18,68.9,45879,31361,31361,70.39,1441,16,0.5941,9234,3202,100,53.30149502,"30.794661863",66.10447028,8.12
"University of Southern Indiana",0.4818,22.9,25.79,22383,10066,22907,95.81,5292,15,0.75,8089,9774,100,35.4708798,"21.177040517",64.09277745,5.25
"Indiana State University",0.4288,41.56,25.99,24535,10258,22322,80.77,6188,16,0.6585,8104,11403,67.74,36.19030325,"22.284472673",58.56593682,7.47
"Indiana University-Kokomo",0.4561,33.4,30.07,11837,8424,22811,86.48,2352,15,0.6934,7243,6947,55.51,40.26243094,"24.432778489",67.79769526,12.84
"Indiana University-South Bend",0.4009,42.67,34.94,17364,8424,22811,83.84,3933,15,0.6509,7053,7700,60.33,41.02216192,"22.313692946",62.82157676,22.98
"Indiana University-Bloomington",0.8021,16.76,26.95,28801,12144,41891,78.21,37806,18,0.9106,12043,15334,83.41,22.11493718,"19.985051316",53.15707274,8.64
"Indiana University-Northwest",0.3738,42.55,33.66,13989,8424,22811,73.39,2661,15,0.7136,7562,9136,48.38,45.37660747,"23.533370412",70.57842047,29.61
"Indiana University-Southeast",0.3919,32.29,29.4,16411,8424,22811,84.46,3170,13,0.6377,7962,8868,51.45,40.91116173,"22.978371501",64.58863444,6.18
"Indiana University-East",0.3958,35.43,33.61,16954,8424,22811,67.22,2589,15,0.6176,8046,7603,42.57,44.62962963,"26.242600116",67.84677887,7.38
"Manchester University",0.4608,44.7,70.05,49993,37135,37135,71.06,936,12,0.6632,8154,11801,71.21,33.66906475,"19.79076087",53.66847826,7.69
"Marian University",0.6722,28.53,66.09,56258,40664,40664,95.46,2266,13,0.7588,7727,12128,38.22,29.17647059,"25.187637969",66.51949963,14.56
"Indiana Wesleyan University-Marion",0.6671,27.08,71.24,44776,32352,32352,88.94,1974,12,0.829,8247,15953,100,47.41139964,"31.507453875",72.98892989,4.96
"University of Notre Dame",0.9517,13.74,24.67,83271,65025,65025,11.27,8818,8,0.9908,16830,38658,88.13,10.23765996,"19.509220702",46.04402142,15.32
"Oakland City University",0.6552,40.71,42.4,42441,27900,27900,82.51,499,13,0.7769,6073,8592,37.18,44.16058394,"26.90397351",56.95364238,5.61
"Rose-Hulman Institute of Technology",0.7816,11.81,41.43,77890,58649,58649,76.86,2309,12,0.9167,11761,19963,95.67,14.38016529,"19.576736672",28.59450727,5.07
"University of Saint Francis-Fort Wayne",0.5497,43.85,61.4,47223,36460,36460,95.97,1567,11,0.7072,7265,11311,95.48,35.94339623,"23.734693878",72.22715173,12.76
"Saint Mary-of-the-Woods College",0.4663,49.89,48.33,49512,35270,35270,72.39,853,9,0.6184,5652,5714,25.55,39.64646465,"28.53286385",91.31455399,3.52
"Taylor University",0.7381,13.49,29.09,53405,40490,40490,73.53,2025,14,0.8929,7744,11366,64.49,14.56582633,"21.148703956",60.16371078,4
"Trine University",0.6438,15.56,38.78,51109,36560,36560,85.48,2324,16,0.7994,8043,7288,22.22,32.15613383,"23.029746282",39.19510061,4.13
"Valparaiso University",0.7037,27.32,51.93,58437,48450,48450,89.43,2083,10,0.754,8127,11626,70.44,28.81355932,"20.731313131",57.1043771,13.78
"Buena Vista University",0.6169,43.76,67.06,54222,41798,41798,77.61,1366,13,0.7604,6912,7966,32.52,35.2553542,"26.973604827",68.92911011,12.59
"Central College",0.6619,22.28,70.23,37773,20988,20988,86.17,1070,11,0.7993,7780,13107,81.08,21.4801444,"19.704152249",48.96193772,4.49
"Clarke University",0.5612,36.73,73.84,55782,40910,40910,71.83,742,9,0.6734,6842,10352,65.81,29.35064935,"20.838164251",60.86956522,11.73
"Coe College",0.659,35.84,67.84,67372,54666,54666,64.04,1164,11,0.727,7291,10383,100,23.52024922,"19.762463343",57.47800587,13.75
"Cornell College",0.6182,32.07,65.34,66249,52660,52660,79.9,1086,14,0.7953,7926,13213,100,19.5754717,"19.768539326",46.74157303,11.42
"Dordt University",0.7014,20.18,40.88,51733,37050,37050,68.47,1597,14,0.8465,7251,11202,59.34,12.24862888,"19.691756272",48.2078853,2.25
"Drake University",0.7403,21.69,44.45,64835,52130,52130,63.85,2543,11,0.8409,10431,13803,72.26,15.30054645,"20.228222997",60.97560976,9.48
"University of Dubuque",0.4008,39.84,70.19,53806,42095,42095,88.63,1440,10,0.7656,7559,13822,100,36.12204724,"22.243267504",42.45960503,3.75
"Graceland University-Lamoni",0.4195,49.23,77.58,48294,20950,20950,80.83,798,12,0.5504,6885,11650,100,37.58212878,"23.819830713",54.77629988,14.41
"Grand View University",0.5399,45.04,71.54,48522,34762,34762,99.09,1486,12,0.7015,7384,7383,41.1,36.02040816,"23.199255121",54.56238361,12.72
"Grinnell College",0.8812,17.86,12.73,83440,68106,68106,14.51,1729,9,0.9256,12576,32882,81.49,17.56097561,"19.444186047",53.48837209,8.73
"Iowa State University",0.7532,18.77,43.34,24018,10787,28881,88.66,25367,18,0.8757,12702,12347,84.3,19.91840151,"20.504553187",46.24236966,7.04
"University of Iowa",0.7463,18.35,41.85,28596,11283,33371,83.62,22264,16,0.9036,12922,15714,87.58,22.31285357,"20.972824045",56.23043206,8.89
"Loras College",0.676,23.36,58.05,50537,39824,39824,99.86,1083,12,0.8228,7039,8934,73.98,17.27416799,"19.945288754",46.35258359,8.22
"Luther College",0.7112,20.44,64.8,65461,52120,52120,71.54,1379,9,0.7699,8115,17234,87.65,12.84634761,"19.512135922",52.42718447,6.38
"Maharishi International University",0.5,56.89,65.25,27892,16530,16530,95.7,922,13,0.6129,4582,7694,93.8,33.76623377,"28.735632184",52.87356322,10.2
"Mercy College of Health Sciences",0.6552,33.92,63.31,34398,17664,17664,99.71,867,7,0.6923,6328,9862,38.64,34.60803059,"26.433275563",86.3084922,13.61
"Morningside University",0.5014,33.87,66.04,52577,39660,39660,71.04,1163,12,0.7418,7538,8726,100,23.46153846,"22.422330097",57.76699029,10.23
"Mount Mercy University",0.5774,26.67,53.42,55054,40878,40878,82.52,1107,14,0.7277,6815,7653,100,28.81987578,"24.95862069",71.72413793,7.68
"University of Northern Iowa",0.6792,27.39,46.39,22278,9936,21712,92.74,7529,18,0.8166,8542,11070,70.37,22.48966691,"20.983534323",59.50834879,6.23
"Northwestern College",0.6605,24.7,56.11,49783,36710,36710,80.36,1175,15,0.735,7580,8295,98.77,13.47826087,"20.498942918",54.96828753,6.81
"Saint Ambrose University",0.6103,31.55,64.43,51141,36658,36658,77.33,1916,11,0.7577,7663,11705,100,28.4457478,"21.556377079",59.5194085,10.91
"Simpson College",0.6333,34.56,70.61,61227,47656,47656,86.22,1227,12,0.8129,6723,12667,51.61,23.35664336,"21.538666667",55.2,12.88
"Upper Iowa University",0.3389,31.79,40.46,34022,19475,19475,96.46,1994,25,0.6774,6035,4027,100,45.07973551,"29.547437673",67.72853186,9.33
"Waldorf University",0.2114,35.52,39.34,39675,25978,25978,76.98,1827,22,0.4414,5766,3138,37.01,46.25735913,"29.726323639",44.36987323,3.61
"Wartburg College",0.643,22.12,67.26,64359,26250,26250,75.84,1452,13,0.7571,7194,10199,100,17.35015773,"19.628834356",54.14110429,4.27
"William Penn University",0.3262,47.27,87.72,42874,29750,29750,51.88,1301,15,0.5816,6394,5781,100,38.29516539,"22.81292517",41.15646259,9.38
"Baker University",0.5779,25.74,44.34,50918,35300,35300,94.19,1100,13,0.658,6570,8182,23.15,36.28922237,"25.493718593",59.92462312,11.45
"Benedictine College",0.6158,18.78,49.06,52206,36350,36350,98.12,2272,16,0.8323,8331,8346,100,14.96062992,"19.746514575",49.80988593,13.38
"Bethany College",0.3574,48.19,70.17,53738,33000,33000,56,569,12,0.4253,4596,6693,100,33.25842697,"20.542797495",34.02922756,25.66
"Bethel College-North Newton",0.4112,40.56,70.58,52193,35014,35014,93.5,504,11,0.6188,6033,8421,57.35,34.40514469,"21.301204819",47.28915663,18.25
"Central Christian College of Kansas",0.2697,52.4,69.79,33327,21000,21000,52.71,380,15,0.45,4534,3254,19.67,47.61029412,"32.17673716",47.73413897,22.11
"Emporia State University",0.561,34.49,59,21967,7106,15419,97.71,2239,16,0.7685,6918,8688,91.3,33.96099529,"21.672232529",62.77056277,12.77
"Fort Hays State University",0.477,22.78,24.3,19909,5923,17741,90.26,9733,15,0.7688,7997,6655,51.47,38.5026738,"26.778295296",63.60037261,6.94
"Barclay College",0.3226,51.48,52.07,42890,24590,24590,50.98,168,8,0.5238,6275,7867,76.92,40.31007752,"24.097222222",44.44444444,20.24
"Friends University",0.4335,30.21,57.88,50482,34192,34192,55.22,1048,12,0.6545,7013,5033,31.44,35.76271186,"24.72698908",55.22620905,20.8
"University of Kansas",0.6881,20.47,37.35,26751,12102,30432,93.48,21217,18,0.8649,11338,22979,77.87,22.22402072,"21.110345883",54.7597184,10.83
"Newman University",0.5281,12.26,16.68,46489,35500,35500,73.98,851,16,0.6887,6512,5539,100,39.4,"24.781981982",72.61261261,29.38
"Kansas State University",0.7108,20.71,36.29,27402,11221,28568,81.69,15142,19,0.8559,10853,12603,90.14,22.47913769,"21.087609305",52.08711434,9.68
"Kansas Wesleyan University",0.4863,39.15,70.86,47437,34630,34630,71.9,956,16,0.6008,6316,5144,100,33.04904051,"20.901380671",42.40631164,17.78
"Manhattan Christian College",0.4429,46.81,56.74,34466,19126,19126,100,146,10,0.7667,5504,5608,36,26.89655172,"21.322580645",42.58064516,6.85
"McPherson College",0.3392,37.94,63.71,50611,37310,37310,76.76,872,16,0.6515,7375,10231,92.45,30.56234719,"20.6",36.81818182,14.45
"MidAmerica Nazarene University",0.5361,31.22,52.32,57355,37174,37174,78.8,983,11,0.6986,6477,6776,18.97,32.2496749,"25.824499411",58.06831567,9.46
"Ottawa University-Ottawa",0.279,36.75,75.53,51856,35880,35880,82.96,870,12,0.583,6778,2407,94.29,40.08683068,"29.532679739",62.74509804,18.85
"Pittsburg State University",0.5659,30.46,41.48,22099,8400,19744,89.42,4210,14,0.7719,8130,9572,66.12,32.32231779,"21.673538073",51.19899032,8.03
"University of Saint Mary",0.4776,38.15,69.46,48728,35380,35380,86.63,925,11,0.65,6758,8885,48.07,35.71428571,"23.99009901",52.47524752,24.32
"Southwestern College",0.3568,40.85,48.55,58432,39822,39822,75.55,924,10,0.559,6799,6496,100,39.84251969,"26.994252874",46.26436782,16.34
"Sterling College",0.4129,37.06,48.82,47185,33700,33700,48.17,538,8,0.5035,4904,6665,62.34,34.0974212,"20.856",37.33333333,17.47
"Tabor College",0.3374,38.04,59.38,50350,36200,36200,64.58,494,15,0.5271,6159,8066,66.04,31.39841689,"22.985507246",45.16908213,14.98
"Wichita State University",0.5103,30.55,31.72,21780,9684,19869,93.95,10780,19,0.693,9205,9179,64.19,36.33893281,"23.595878136",59.34139785,18.14
"Alice Lloyd College",0.3892,58.29,43.85,31200,13960,13960,75.23,558,15,0.5657,5404,6694,76.92,46.78899083,"19.928774929",57.26495726,1.97
"Asbury University",0.6498,27.67,40.78,47459,33640,33640,63.4,1420,13,0.8333,7374,10617,45.74,23.62318841,"23.255878285",61.54910097,6.55
"Bellarmine University",0.6436,30.71,48.92,61691,48770,48770,86.11,2161,12,0.7512,8508,11447,48.76,27.26480836,"20.672742336",67.93703397,10.04
"Berea College",0.5822,83.73,7.6,60718,51658,51658,19.34,1513,9,0.7918,9259,23470,86.84,40.57771664,"19.814201183",55.85798817,17.58
"Brescia University",0.5371,42.65,51.91,44328,31550,31550,35.24,545,13,0.6741,6182,8749,60,45.21072797,"27.423670669",74.09948542,6.24
"Campbellsville University",0.4201,20.05,18.47,42603,27998,27998,79.74,2840,19,0.645,6787,5539,41.02,46.64842681,"24.49048496",61.51012891,3.94
"Centre College",0.8067,22.64,48.67,67787,52820,52820,54.36,1400,10,0.875,9723,24174,92.41,20.25641026,"19.376213592",47.08737864,7.36
"University of the Cumberlands",0.5043,53.38,67.88,25567,9875,9875,98.81,6941,23,0.743,6548,2932,22.69,39.76608187,"24.538990826",56.49847095,3.33
"Eastern Kentucky University",0.5004,41.1,40.71,23735,10320,21230,77.61,12318,17,0.7693,7826,9026,55.96,39.95334888,"22.55726601",58.14347291,5.64
"Georgetown College",0.4885,35.33,48.25,56886,42840,42840,91.06,1097,13,0.6906,6502,4574,55.38,33.08550186,"19.857904085",52.57548845,6.11
"Kentucky State University",0.319,58.34,56.08,21727,9387,13658,96.08,1309,10,0.6369,7036,6140,55.68,40.03215434,"24.481065919",57.64375877,2.37
"Kentucky Wesleyan College",0.468,49.52,61.03,46203,34673,34673,71.6,842,15,0.5256,6353,5847,42.55,37.81094527,"20.66745283",45.51886792,3.09
"University of Kentucky",0.7142,22.52,33.66,34391,13502,34140,92.94,24763,18,0.8684,11984,13191,82.39,23.36008857,"20.599472991",56.87747036,6.78
"Kentucky Christian University",0.3667,43.14,61.63,40168,26625,26625,60.91,429,12,0.8608,4770,7212,45.16,29.57746479,"21.075163399",43.46405229,8.62
"University of Louisville",0.6123,30.6,28.13,32941,13136,29482,79.41,14727,14,0.8149,9671,17552,59.28,30.43478261,"21.922797457",55.13169846,8.95
"Midway University",0.4069,31.95,44.46,48805,27220,27220,95.14,1262,15,0.6759,7349,5606,26.11,43.45637584,"26.522762951",78.33594976,6.58
"Morehead State University",0.5219,29.55,33.52,21961,10024,14980,77.21,4578,16,0.6501,7788,10768,80.41,41.41706924,"22.050892857",61.75595238,3.21
"Murray State University",0.6132,33.32,35.35,23485,9900,19836,85.68,6688,17,0.7565,7855,10232,81.79,33.95573997,"22.320711974",62.65372168,3.5
"Northern Kentucky University",0.5224,25.23,30.95,19725,11088,21912,67.65,8246,19,0.7551,8693,9637,54.82,38.13186813,"22.245689655",58.5591133,5.06
"Spalding University",0.5167,35.83,58.99,45530,29200,29200,99.45,583,9,0.6404,8066,11748,54.79,35.00837521,"24.674698795",74.09638554,8.23
"Thomas More University",0.405,23.05,53.13,49452,39800,39800,90.35,1293,14,0.6675,6727,7094,51.74,36.8221942,"23.223760092",47.98154556,4.49
"Transylvania University",0.7148,26.25,46.91,60993,46870,46870,86.55,1005,10,0.8705,10145,12370,64.66,16.36363636,"19.45959596",59.5959596,5.07
"Union Commonwealth University",0.3213,52.7,60.54,44322,30946,30946,63.15,746,14,0.6378,5687,5205,100,40.72727273,"21.560606061",45.79124579,3.75
"Western Kentucky University",0.5556,30.48,34.67,24188,11652,27000,93.87,12155,19,0.7831,8169,9271,67.39,35.70372803,"22.152542373",60.25347381,6.54
"Centenary College of Louisiana",0.5621,44.84,69.35,60620,41200,41200,55.74,685,8,0.702,7808,11660,36.72,21.83406114,"19.926530612",51.42857143,11.68
"Dillard University",0.4328,69.65,79.32,39202,23918,23918,41.86,1063,14,0.7805,7271,7241,96.3,35.28528529,"20.642038217",73.24840764,1.13
"Grambling State University",0.3616,74.97,77.82,25367,7683,16706,44.86,4164,25,0.6608,6296,4469,88.13,39.45178659,"21.320698467",54.89778535,1.75
"Louisiana State University-Alexandria",0.3422,35.38,36.4,15550,7050,14650,92.08,5632,33,0.6952,7220,5430,60.4,44.88721805,"24.054398925",68.16655473,0.78
"Louisiana State University and Agricultural & Mechanical College",0.6881,26.55,29.9,34705,11954,28631,73.33,30594,21,0.8474,11474,10884,88.25,26.64919852,"20.285384504",57.27889193,10.69
"Louisiana State University-Shreveport",0.3754,38.62,29.32,19461,7518,7518,50.55,2153,30,0.8315,9562,8387,70,40.27149321,"24.626938776",66.44897959,0.37
"Louisiana Christian University",0.4387,43.09,58.66,33791,20266,20266,77.19,672,10,0.5243,6137,9557,60.64,36.84210526,"21.238341969",44.04145078,3.57
"Louisiana Tech University",0.6382,21.68,27.26,24280,10125,16866,86.4,8312,21,0.822,9177,7357,66.05,31.18584071,"20.577586207",48.64058355,4.72
"Loyola University New Orleans",0.5903,37.32,53.14,64157,49440,49440,93.05,2812,12,0.8006,8990,12068,62.72,19.28071928,"20.048552754",64.33239963,21.05
"McNeese State University",0.4704,34.59,32.12,22810,8489,9989,78.27,5005,20,0.6844,7591,5647,100,38.48015489,"21.731441048",63.71179039,5.01
"University of New Orleans",0.3799,39.12,27.63,23431,9172,14008,74.31,4638,19,0.6679,9208,7315,62.6,40.6360424,"22.315935152",57.88849348,16.26
"Nicholls State University",0.538,34.07,38.26,23481,8149,9242,90.8,4737,19,0.766,6998,5948,100,45.83710407,"21.643236616",63.46546792,6.57
"University of Louisiana at Monroe",0.542,34.77,34.69,24932,9190,21290,84.75,5022,18,0.7275,7719,7459,74.1,38.00852383,"21.488462904",69.75505857,3.68
"Northwestern State University of Louisiana",0.432,35.24,35.12,25431,8864,19652,92.54,5519,16,0.7087,7129,6994,66.13,42.4301676,"24.25006283",73.43553657,6.38
"University of Holy Cross",0.4857,27.53,33.91,27541,16576,16576,73.66,471,7,0.7097,7708,10673,39.04,48.98876404,"25.695652174",89.32806324,14.01
"Franciscan Missionaries of Our Lady University",0.4545,31.21,48.72,28490,18310,18310,98.7,821,14,0.6393,8122,14155,100,47.36024845,"28.606188467",89.31082982,6.94
"Southeastern Louisiana University",0.4541,33.26,32.42,23604,8373,20851,99.31,9514,20,0.7253,7315,6646,80.23,39.90835697,"20.889678311",63.94316163,6.58
"Southern University and A & M College",0.2709,68.14,71.78,26341,9922,17272,35.12,5519,21,0.6031,7735,5687,99.08,39.66005666,"21.13894081",63.67601246,1.27
"Southern University at New Orleans",0.1311,41.74,39.09,23905,8054,16954,78.9,1055,13,0.52,6898,5792,100,49.6009122,"26.013207547",72.54716981,2.94
"University of Louisiana at Lafayette",0.5263,41.51,43.72,24884,10418,24146,87.01,12428,18,0.7428,8889,9241,70.57,38.48580442,"21.933164129",61.64128596,5.63
"Tulane University of Louisiana",0.8614,9.76,20.9,87004,68678,68678,13.98,7767,7,0.9255,13243,37362,68.67,18.00116891,"22.748197449",60.45479756,11.25
"Xavier University of Louisiana",0.4855,54.19,56.23,40434,28733,28733,69.04,2628,11,0.7168,9918,9547,79.3,26.57232704,"19.799426934",74.78510029,4.03
"Bates College",0.8969,11.52,13.8,83532,66590,66590,13.32,1760,9,0.9129,11886,27338,95.22,15.0877193,"19.421404682",49.1638796,9.72
"Bowdoin College",0.9528,17.35,8.38,85100,67832,67832,7.13,1873,9,0.9683,14216,42365,88.93,18.83561644,"19.387820513",50.64102564,14.52
"Colby College",0.8879,14.32,8.54,85420,69600,69600,7.09,2407,9,0.9365,13207,27972,93.1,10.8974359,"19.413897281",56.79758308,8.39
"University of Maine at Farmington",0.5154,30.16,39,25822,11308,23878,96.72,1140,13,0.7277,8643,14803,68.1,32.43823845,"20.396711202",67.62589928,6.14
"University of Maine at Fort Kent",0.3944,14.96,17.54,18703,9420,14880,97.92,599,21,0.8929,8219,9029,52,42.91187739,"25.789103691",74.34094903,3.34
"University of Maine",0.5494,23.27,42.01,27328,13326,36756,96.64,8496,15,0.8336,11425,12786,69.71,23.40534979,"20.161975309",48.2962963,4.91
"University of Maine at Presque Isle",0.5155,24.35,23.14,19113,9402,14862,99.87,1913,30,0.5842,7782,5285,48.1,36.71171171,"22.163265306",63.87755102,11.29
"University of New England",0.6835,11.78,40.93,63245,44210,44210,91.63,2135,11,0.7942,9669,12819,54.19,22.07307979,"20.370609319",73.90681004,4.31
"Maine College of Art & Design",0.5155,28.57,69.49,60128,42942,42942,76.06,415,8,0.7167,7529,15840,31.91,23.88059701,"20.832167832",73.07692308,7.23
"Saint Joseph's College of Maine",0.6574,23.61,59.58,59782,44420,44420,83.51,964,10,0.7457,6294,7460,100,30.53097345,"22.7593361",63.90041494,6.43
"University of Southern Maine",0.4035,28.28,34.73,23717,11284,27944,79.23,4222,14,0.7394,10420,10101,39.85,32.8369906,"23.607452967",60.78147612,4.48
"Thomas College",0.5369,18.15,32.83,47198,31824,31824,96.3,647,20,0.7749,7625,4491,50.65,37.86764706,"20.042808219",50.17123288,1.7
"University of Baltimore",0.3816,44.89,38,26406,9992,23984,78.74,1133,10,0.6,13975,16754,56.38,39.90024938,"27.588526912",61.04815864,5.21
"Bowie State University",0.382,44.35,44.04,25220,9218,19938,72.41,5043,15,0.6819,11118,10087,45.5,35.52006905,"22.437546194",63.63636364,5.69
"Capitol Technology University",0.4268,39.18,47.01,42471,27592,27592,74.35,315,9,0.7681,5625,7131,100,35.6097561,"23.026200873",15.28384279,4.76
"Washington Adventist University",0.2865,37.19,44.79,34309,26604,26604,46.18,452,9,0.6408,6208,18786,26.12,35.18518519,"27.13372093",72.09302326,23.89
"Coppin State University",0.2622,53.92,36.19,23748,7100,14024,45.83,1844,12,0.6622,10091,16220,55.56,47.2,"26.686817189",77.49453751,4.66
"Frostburg State University",0.4966,32.21,37.68,27056,10220,25814,89.18,2909,13,0.6928,9386,12116,71.29,35.99803825,"21.740955784",52.70209915,6.91
"Goucher College",0.5734,35.21,52.98,70544,53350,53350,77.71,964,9,0.786,8359,17884,56.28,17.59729272,"20.955128205",68.26923077,2.49
"Hood College",0.569,37.06,67.82,61219,47700,47700,77.77,1194,10,0.6799,8361,11518,41.04,31.11111111,"21.52991453",63.58974359,16.67
"Johns Hopkins University",0.9378,19.49,9.31,85947,65230,65230,6.44,5693,6,0.9809,18971,101214,94.34,13.12714777,"21.056953642",51.7218543,18.67
"Loyola University Maryland",0.7919,20.37,52.47,74055,57150,57150,75.49,3869,12,0.8711,9706,13478,99.71,13.49453978,"19.453576865",60.2739726,14.99
"University of Maryland-Baltimore County",0.7001,30.04,28.29,28576,13256,31275,72.43,10701,17,0.8505,13145,14455,66.51,27.40181269,"22.286146234",49.39527213,10.05
"University of Maryland-College Park",0.8859,19.39,21.52,29299,11809,41186,44.79,30760,17,0.962,17205,20217,82.58,22.42705763,"20.78256718",50.8934661,11.17
"Maryland Institute College of Art",0.7224,23.11,41.24,76860,56800,56800,76.79,1189,9,0.8339,9574,19211,16.69,17.38197425,"20.5",72.22222222,11.69
"University of Maryland Eastern Shore",0.3533,55.71,52.13,25941,9076,20122,96.41,2391,11,0.6179,10872,23374,71.99,35.75063613,"20.372833985",58.85969816,3.55
"Morgan State University",0.4087,56.55,65.4,25413,8229,19124,82.23,9019,18,0.7334,11634,9759,59.52,33.10118804,"21.506378455",58.64635011,5.77
"Mount St. Mary's University",0.6539,31.13,51.09,63731,48630,48630,73.81,1768,13,0.7077,7399,10126,100,23.2712766,"20.844221106",54.89949749,16.63
"Notre Dame of Maryland University",0.5,36.44,49.27,59320,43360,43360,82.16,709,9,0.7277,7645,14980,44.44,40.94292804,"27.924485126",93.8215103,13.12
"Salisbury University",0.6815,25.86,39.04,28310,11084,22174,87.47,6057,14,0.7766,10679,11356,68.41,29.17236662,"21.126610825",59.56829897,7.71
"St. Mary's College of Maryland",0.6995,21.12,42.74,31865,15298,31374,68.63,1603,10,0.8575,9044,13110,70.2,23.28244275,"20.370235935",59.70961887,9.23
"Towson University",0.6946,35.79,41.63,28535,11728,29820,81.97,16136,14,0.8277,9975,10084,57.13,28.95995218,"21.479152141",62.69697392,11.5
"Stevenson University",0.6849,30.88,69.78,58394,40560,40560,78.91,3102,15,0.7879,8822,10867,29.58,30.69435432,"21.637663886",66.09058403,10.22
"Washington College",0.6537,22.6,47.16,73314,55326,55326,56.89,891,8,0.8391,6768,26477,80,16.03773585,"19.401785714",60.89285714,10.44
"McDaniel College",0.6329,36.1,58.38,65294,52081,52081,77.93,1617,13,0.7602,8473,10258,25.24,26.36363636,"19.891549296",51.69014085,10.51
"American International College",0.4591,44.8,67.28,59270,44230,44230,99.57,1017,16,0.5673,7628,6626,22.09,40.57377049,"21.604678363",59.41520468,27.43
"Amherst College",0.939,19.84,8.38,87640,70480,70480,9.01,1911,6,0.9734,15606,36411,96.73,20.84592145,"19.660056657",54.39093484,13.81
"Anna Maria College",0.4623,34.29,65.41,61888,44571,44571,50.3,906,12,0.6032,7264,7851,30.49,39.69335605,"22.691107644",63.02652106,15.45
"Assumption University",0.7523,21.98,83.65,65551,51356,51356,82.98,1669,11,0.8392,9808,13143,51.12,17.52903907,"20.621",59.7,13.96
"Babson College",0.9312,16.28,27.07,80192,57152,57152,17.09,2728,15,0.9457,20620,15660,100,14.87603306,"19.440711462",48.22134387,17.08
"Bentley University",0.8679,16.07,43.17,79548,61000,61000,45.05,4474,12,0.9268,15847,16265,66.67,15.55367709,"19.811183144",39.95137763,14.26
"Berklee College of Music",0.6731,16.18,33.92,72700,52040,52040,43.53,7468,9,0.8857,10837,20700,34.49,21.23362445,"24.495095509",36.08673206,12.77
"Boston College",0.9083,12.91,29.96,89493,70702,70702,16.43,10085,10,0.9602,18131,27008,60.87,13.18956871,"19.469064748",51.89448441,12.95
"Boston University",0.8866,19.15,22.92,86285,68102,68102,11.11,18248,10,0.9472,16623,35988,69.86,16.9382716,"19.95540186",65.46625328,11.45
"Brandeis University",0.8603,14.97,28.22,86448,68080,68080,40.5,3618,10,0.8702,14570,21670,74.34,16.30695444,"19.484198646",60.27088036,9.01
"Bridgewater State University",0.5341,31.94,74.98,26160,11808,17948,87.81,7829,17,0.7512,11130,11273,100,34.14215686,"21.950323012",59.27823569,10.98
"Clark University",0.7694,23.13,57.75,68432,58867,58867,39.54,2214,8,0.8617,12471,19052,100,16.29526462,"19.712962963",65.60846561,13.01
"Curry College",0.5112,30.91,70.9,64020,47970,47970,87.65,1780,12,0.6616,11385,15345,36.3,30.01567398,"22.325327511",61.35371179,13.99
"Dean College",0.5359,33.71,71.5,64889,46526,46526,73.71,1089,15,0.6835,7401,8116,23.48,31.68187744,"20.228971963",40.42056075,12.3
"Emerson College",0.7711,15.51,42.95,80399,57056,57056,51.31,3870,14,0.8736,11853,13023,32.14,13.15577078,"19.765163297",61.43079316,11.5
"Emmanuel College",0.6751,22.35,60.92,65252,48550,48550,75.65,1854,13,0.7858,10788,11725,51.92,20.73684211,"19.55270936",75.66502463,18.28
"Endicott College",0.7556,13,62.7,59328,40650,40650,71.21,3125,13,0.8436,11416,13624,24.53,18.94818252,"20.73929099",63.22008863,6.43
"Fisher College",0.2775,39.67,61.13,53921,35689,35689,70.68,1167,14,0.5459,7855,7055,28,46.77419355,"24.795353982",69.35840708,22.19
"Fitchburg State University",0.5512,32.79,46.76,25555,11346,17426,86.93,2752,11,0.6947,10973,11112,49.47,35.91470258,"21.473763875",53.4308779,17.73
"Framingham State University",0.478,36.88,50.83,27413,11920,18000,83.61,2566,12,0.7099,11240,9230,60.34,32.25071225,"21.342064715",59.88700565,22.92
"Gordon College",0.6854,20.8,52.59,42446,30700,30700,69.23,1278,10,0.8442,7927,11030,51.55,16.91542289,"19.605388273",64.97622821,11.03
"Hampshire College",0.5426,39.33,61.65,74195,58896,58896,75.28,839,13,0.7838,10085,12599,81.03,13.90374332,"19.979452055",66.78082192,12.99
"Harvard University",0.9758,16.43,4.44,85540,61676,61676,3.65,7601,7,0.983,25048,51780,86.76,25.708061,"22.463589744",50.15384615,11.87
"College of the Holy Cross",0.8733,14.8,37.68,80334,64500,64500,17.61,3106,9,0.9478,12363,24933,89.3,16.62531017,"19.366627497",52.6439483,12.85
"Lasell University",0.5864,31.28,71.68,42434,27040,27040,81.22,1226,12,0.7038,8850,10067,32.08,28.80952381,"19.738986784",66.74008811,15.17
"Lesley University",0.5802,30.55,53.87,51538,34256,34256,96.87,1122,10,0.7228,8813,14953,27.46,28.74251497,"23.696428571",79.28571429,18.89
"University of Massachusetts-Lowell",0.6482,30,53.02,30786,16966,36264,83.04,11434,17,0.8399,14275,15274,60.4,31.76614881,"22.936249073",43.43958488,17.18
"University of Massachusetts-Amherst",0.8326,19.94,46.62,34549,17772,40449,59.73,23671,17,0.9191,14663,20843,81.23,21.55418251,"21.250991951",51.5474436,9.13
"University of Massachusetts-Boston",0.4941,41.55,50.6,30544,15908,38125,83.78,11512,15,0.7041,12724,19582,59.88,43.05429864,"23.598801274",56.90204158,21.23
"MCPHS University",0.6202,30.06,66.58,65022,40530,40530,85.21,3451,9,0.7396,11769,14199,32.99,30.48780488,"21.849867374",77.08222812,16.17
"Massachusetts College of Art and Design",0.6887,29.53,51.17,34239,15400,43400,76.27,1831,9,0.891,10690,16343,99.21,22.51552795,"20.787923417",71.87039764,15.51
"Massachusetts Institute of Technology",0.9641,19.32,6.69,82730,62396,62396,4.55,4535,3,0.9908,24177,99057,98.98,25.85139319,"19.348462665",37.18887262,14.09
"Massachusetts Maritime Academy",0.7406,18.96,80.72,31367,11420,23722,94.7,1395,13,0.868,10073,16741,53.46,21.1062591,"19.787323944",12.81690141,6.02
"Merrimack College",0.7005,15.58,59.99,70038,53962,53962,70.02,3916,13,0.7927,12316,8809,43.65,20.67881835,"20.15598549",53.02297461,11.85
"Nichols College",0.6261,25.52,68.66,58310,42705,42705,80.84,1163,15,0.7246,9714,6461,35.25,31.57099698,"20.553846154",37.76223776,10.4
"Massachusetts College of Liberal Arts",0.5564,41.27,60.77,26026,12436,21381,89.74,713,8,0.7566,10457,22306,63.78,33.00699301,"22.070063694",63.69426752,6.73
"Northeastern University",0.9054,12.34,27.32,84641,66162,66162,5.22,17326,16,0.969,16218,21813,70.23,18.51581509,"21.600877193",54.1089566,10.42
"College of Our Lady of the Elms",0.6809,45.09,70.52,54027,43325,43325,85.26,949,11,0.7602,7693,9941,32.29,35.16642547,"26.021992238",77.23156533,28.35
"Regis College",0.7217,31.01,65.46,65546,49680,49680,69.78,956,9,0.7895,9009,12340,35.29,34.87972509,"22.230182927",78.96341463,21.34
"Salem State University",0.4977,35.38,49.1,28291,12338,19531,95.88,4291,12,0.7525,10694,10571,100,40.25974026,"22.373049645",64.70921986,24.98
"Bard College at Simon's Rock",0.6828,16.99,33.01,85262,68780,68780,95.89,225,6,0.7745,8318,24017,66.18,12.17105263,"19.82629108",61.97183099,6.22
"Springfield College",0.7419,22.36,72.12,60729,45174,45174,71.89,1751,11,0.8067,8245,14653,100,31.38871275,"27.558659218",59.83240223,10.74
"University of Massachusetts-Dartmouth",0.5207,37.02,64.33,33485,15612,32567,90.64,5221,16,0.636,12795,16600,67.92,35.18893387,"21.456860395",50.80886759,13.77
"Stonehill College",0.76,17.06,62.42,72714,57490,57490,66.28,2528,12,0.8396,10720,15436,58.19,16.39004149,"19.43043043",60.86086086,7.79
"Suffolk University",0.6088,29.95,54.77,65281,47550,47550,82.33,4268,15,0.7543,12891,11805,56.15,29.65027876,"20.245924546",60.08383791,15.93
"Tufts University",0.9351,12.04,18.86,88300,70704,70704,11.49,7061,10,0.955,14205,28034,64.22,15.29548088,"19.943956044",45.82417582,10.11
"Wentworth Institute of Technology",0.6824,23.11,54.68,61096,42884,42884,91.21,3747,17,0.8376,11150,14597,47.52,24.718398,"20.651038576",20.59347181,14.81
"Western New England University",0.6398,24.46,77.94,60262,47820,47820,83.48,2603,12,0.7397,10676,12651,60.68,24.54954955,"19.975421348",38.27247191,12.06
"Westfield State University",0.5441,32.95,50.55,27649,12179,18259,81.41,3615,17,0.739,11555,12928,58.67,30.50716221,"21.23257468",55.86770982,15.52
"Wheaton College (Massachusetts)",0.7282,22.17,77.54,79311,63960,63960,67.73,1773,11,0.8218,8150,17319,73.94,14.7107438,"19.397174254",63.57927786,8.01
"Williams College",0.9361,17.61,4.83,84860,68560,68560,8.25,2076,6,0.9685,15317,51880,87.71,21.5496368,"19.379775281",51.23595506,14.11
"Worcester Polytechnic Institute",0.8971,11.88,51.73,78679,60965,60965,60.16,5447,13,0.9366,13376,21636,82.85,13.37719298,"19.455445545",36.49222065,8.52
"Worcester State University",0.6145,30,44.21,22874,11786,17866,87.99,3930,16,0.7814,10308,9709,46.59,35.64493759,"22.368997473",59.30918281,19.21
"Adrian College",0.4842,30.81,70.74,56003,41684,41684,72.53,1604,16,0.6542,6614,8132,44.38,31.00529101,"19.731658291",42.21105528,6.23
"Albion College",0.6159,47.49,63.66,69986,56950,56950,80.7,1300,11,0.708,7469,18176,88.24,27.97619048,"19.627118644",49.57627119,12.69
"Alma College",0.6287,27.04,56.6,63650,49552,49552,57.03,1148,14,0.8497,7879,14519,62.32,24.10714286,"19.777456647",55.34682081,3.57
"Andrews University",0.7153,24.71,30.6,45218,35056,35056,81.85,1224,10,0.8321,7256,14063,66.77,17.21311475,"21.493230174",58.0270793,21.98
"Aquinas College",0.6536,23.9,68.82,51652,40218,40218,89.88,1083,10,0.7831,6660,8672,50.68,21.91780822,"20.214876033",63.96694215,9.33
"Baker College",0.3583,37.68,45.07,24526,13000,13000,81.87,3026,9,0.661,6382,10207,18.43,47.14151828,"26.256857402",66.70299728,6.21
"Calvin University",0.7406,17.43,33.44,54222,39350,39350,70.91,3193,13,0.8676,9559,13491,100,13.22525597,"19.837073982",56.27597672,4.35
"Central Michigan University",0.5872,31.43,68.72,30681,14760,14760,89.82,10035,16,0.7536,10682,8718,75.27,29.32980354,"21.429654255",59.2287234,5.76
"Cleary University",0.4146,29.88,53.58,39718,26102,26102,67.54,738,18,0.6585,4499,3298,4.41,42.29249012,"27.73880597",61.19402985,3.12
"Concordia University Ann Arbor",0.4764,24.14,60.73,51853,35410,35410,69.25,702,21,0.4464,6511,8791,100,31.83879093,"24.278212805",64.21004146,6.27
"College for Creative Studies",0.7061,30.02,52.47,66014,53350,53350,91.94,1230,10,0.8217,10972,15709,100,22.83609576,"20.951557093",56.57439446,5.85
"Davenport University",0.5659,33.8,45.77,37319,24466,24466,97.84,3134,18,0.8205,7047,6091,29.3,39.86062718,"26.441853035",56.26198083,8.65
"University of Detroit Mercy",0.672,26.34,25.95,42211,32946,32946,75.42,2438,12,0.8349,10733,14925,100,28.71198569,"23.755447942",67.95803067,8.7
"Eastern Michigan University",0.4644,36.64,42.9,29640,16240,16240,79.64,10055,14,0.6875,10472,8921,98.56,34.41964286,"22.664177078",61.05377512,10.34
"Ferris State University",0.4687,34.23,43.36,27048,14778,14778,91.39,8106,15,0.7762,10752,9659,70.97,35.2963101,"23.222241499",55.11797363,7.13
"Kettering University",0.708,16.98,45.27,61250,48470,48470,78.67,1205,11,0.943,9222,13932,100,18.18181818,"19.694785276",19.01840491,4.4
"Grace Christian University",0.5104,46.91,54.32,26166,18690,18690,99.16,716,15,0.6522,5647,5132,100,51.7053206,"33.703832753",57.83972125,11.17
"Cornerstone University",0.6187,32.76,52.29,42043,23000,23000,77.77,1298,15,0.7828,7119,4718,100,34.76744186,"26.247033441",65.26429342,6.24
"Grand Valley State University",0.6701,29.23,50.13,28367,15140,21548,83.02,18854,15,0.7632,10156,10704,65.62,27.32988166,"20.815527149",61.12349009,8.57
"Hope College",0.7995,16.48,44.18,55646,41970,41970,79.24,3288,9,0.8837,8709,13039,68.66,14.91317671,"19.516320475",58.95153314,8.24
"Kalamazoo College",0.7598,25.75,44.98,74208,61050,61050,75.32,1149,10,0.8455,8916,20681,84.8,13.69509044,"19.443373494",58.31325301,17.23
"Lawrence Technological University",0.6058,15.5,34.6,58166,44760,44760,55.9,1668,11,0.7836,9215,12614,36.54,22.27722772,"21.127527216",28.14930016,4.62
"Madonna University",0.6,30.4,54.54,41038,28440,28440,63.39,1632,11,0.7154,7541,11643,37.44,41.76755448,"25.69047619",68.72294372,5.02
"Rochester University",0.4412,30.9,49.91,41787,29196,29196,97.65,792,13,0.5957,6476,8275,94.87,40.59233449,"26.962323391",66.24803768,4.17
"University of Michigan-Ann Arbor",0.932,18.13,23.7,34654,17736,60946,15.64,34177,11,0.9747,13384,29014,81.68,20.57218455,"20.469775475",53.49348406,11.69
"Michigan State University",0.8072,20.09,33.63,32198,16458,43842,84.8,40922,17,0.9005,13468,19397,85.91,20.95218963,"19.973643857",55.34790109,6.72
"Michigan Technological University",0.6806,20.23,45.55,34152,19123,42988,92.43,5955,13,0.8882,11858,12828,86.58,18.53785901,"19.886582278",27.74683544,3.09
"University of Michigan-Dearborn",0.5798,46.24,36.34,24040,15640,32896,55.61,5952,16,0.8249,11247,12893,68.77,38.18103818,"23.07663411",51.16453794,6.77
"University of Michigan-Flint",0.4031,38.6,42.88,20915,14704,28320,70.46,4411,14,0.7778,10504,11896,57.23,36.79401993,"25.387921022",65.31165312,6.03
"Northern Michigan University",0.5214,27.95,45.52,27841,14277,19773,84.02,6556,18,0.7796,9306,8369,71.03,28.46975089,"20.852520436",53.67847411,4.41
"Northwood University",0.6332,25.69,44.8,48780,34400,34400,64.51,1974,14,0.7862,8840,7560,22,39.7157816,"26.824221453",48.16608997,7.65
"Oakland University",0.5756,31.98,37.39,25182,15262,23188,87.84,12351,17,0.7794,10527,10989,54.15,32.42526092,"21.991732804",60.78042328,6.13
"The University of Olivet",0.3527,49.47,78.25,47069,34068,34068,83.25,892,17,0.6138,6387,9409,100,33.44103393,"19.893233083",39.09774436,7.4
"Saginaw Valley State University",0.4825,35.17,50.39,24936,12930,30450,72.07,5989,16,0.7757,9515,9060,42.35,32.86713287,"21.617481203",60.05639098,6.01
"Siena Heights University",0.3862,34.19,67.79,44449,30778,30778,68.9,1495,14,0.7,6749,6331,100,44.33634468,"28.855436832",63.67064739,10.17
"Spring Arbor University",0.6354,28.69,55.36,44703,34014,34014,51.52,1010,12,0.7707,6316,5867,27.27,35.1659751,"26.688172043",67.15542522,5.05
"Wayne State University",0.5844,45.69,37.79,27350,15190,32037,81.16,15587,14,0.8265,12166,14651,58.13,37.60200879,"23.013102282",59.50972105,7.78
"Western Michigan University",0.5757,26.75,47.1,29237,15252,19034,84.6,12568,16,0.8112,10830,13167,63.15,29.31240658,"21.668113102",54.43729003,9.26
"Augsburg University",0.5167,56.14,76.6,62303,45452,45452,81.98,2494,14,0.7233,8416,12043,51.63,28.90120037,"22.592505855",54.64480874,14.31
"Bemidji State University",0.4787,28.32,42.17,22744,10237,10237,55.98,3139,18,0.7267,10427,9867,65.31,27.25245317,"24.029595665",59.81659025,4.43
"Bethel University",0.7138,18.52,43.86,58569,44226,44226,87.8,1871,14,0.8571,8331,9737,35.59,18.58254105,"23.839256866",63.57027464,7.22
"Carleton College",0.896,16.53,43.4,84893,68892,68892,20.41,2086,8,0.9647,13960,40626,87.33,15.68123393,"19.383292383",45.94594595,10.07
"Concordia College at Moorhead",0.6107,19.07,53.09,45942,31170,31170,62.65,1829,12,0.8356,7714,12965,72.36,12.68844221,"19.637454982",58.1032413,4.98
"Concordia University-Saint Paul",0.459,35.22,52.48,37239,25600,25600,78.87,3018,16,0.6739,7654,3921,22.45,33.56692362,"27.729563614",60.72526122,11.7
"Gustavus Adolphus College",0.7665,20.7,54,67613,56076,56076,60.99,1878,12,0.8798,8374,18862,92.74,14.65838509,"19.603926097",54.15704388,6.18
"Hamline University",0.6045,40.7,57.95,58110,50004,50004,87.63,1776,14,0.7823,8221,9881,48.78,23.20162107,"20.692585895",63.20072333,10.3
"Macalester College",0.871,17.23,35.57,82991,68104,68104,28.52,2131,10,0.9228,11951,25033,84.17,12.8256513,"19.270428016",59.3385214,10.89
"Minnesota State University-Mankato",0.5395,20.96,40.38,23995,9572,18942,88.44,11703,21,0.8025,11257,9227,72.44,24.21159715,"21.292361884",56.95216908,6.16
"Metropolitan State University",0.4357,47.55,31.07,25172,9840,9840,98.71,5616,15,0.6754,11336,7600,35.32,37.1321408,"29.644987665",60.86566495,8.19
"University of Minnesota-Twin Cities",0.8528,17.65,28.3,30061,17214,38362,79.75,31855,17,0.9112,13662,18312,80.64,18.65601991,"20.925279599",55.93906672,6.53
"University of Minnesota-Crookston",0.4976,20.25,26.17,26068,13288,13288,87.86,1729,18,0.8,9241,7692,100,29.03981265,"25.88165038",48.96851249,7.69
"Minneapolis College of Art and Design",0.5116,42.11,74.68,59972,45484,45484,48.48,705,12,0.7456,8513,14118,27.82,20.83333333,"21.542635659",66.1498708,12.34
"Herzing University-Minneapolis",0.4667,56.68,79.01,26163,13450,13450,93.75,740,15,0.6957,7450,6105,12.71,52.09032652,"31.289940828",81.35465189,7.03
"University of Minnesota-Duluth",0.6472,18.79,43.91,27680,14610,20130,88.75,7336,16,0.8114,9267,8746,84.94,18.34061135,"20.362378268",48.82111738,4.43
"University of Minnesota-Morris",0.625,32.55,36.27,27039,14526,16710,74.93,936,9,0.739,8211,16176,93.9,20.25518341,"20.224887556",58.92053973,7.59
"Minnesota State University Moorhead",0.5732,27.95,48.46,25197,10428,10428,58.76,3072,17,0.7496,10729,9492,66.33,20.13854527,"22.463289963",59.61895911,5.5
"North Central University",0.6634,42.56,58.62,44475,32220,32220,98.98,709,14,0.8221,6701,9490,14.06,22.10300429,"20.588594705",56.82281059,15.09
"University of Northwestern-St Paul",0.6813,15.73,27.14,51325,37920,37920,93.47,1442,16,0.8287,6608,8516,100,16.4277839,"22.113778706",57.82881002,6.52
"Saint Cloud State University",0.4032,21.67,23.51,21116,10245,10245,94.8,5088,18,0.7065,11863,9755,64.22,26.76623992,"21.929016189",54.98132005,5.31
"Saint Mary's University of Minnesota",0.6601,24.52,45.91,57380,45080,45080,92.78,1073,18,0.7463,7511,7094,27.22,26.15384615,"25.434840426",59.70744681,8.76
"St Olaf College",0.84,21.21,41.96,71843,59760,59760,48.32,3093,11,0.9223,9218,19698,75.51,12.87356322,"19.553610503",54.26695842,9.67
"Crown College",0.4539,24.44,38.8,46598,31410,31410,22.78,796,15,0.6984,5375,3358,17.32,26.5625,"24.91002045",52.14723926,9.67
"The College of Saint Scholastica",0.7053,24.84,53.28,55103,41778,41778,92.96,1765,12,0.8184,7589,9660,50.97,28.49673203,"26.455582233",75.51020408,4.48
"University of St Thomas",0.7638,21.77,44.01,66116,54398,54398,85.36,6245,14,0.8845,11771,15681,48.97,13.7745975,"20.448177677",48.80410023,11.31
"St Catherine University",0.6125,40.07,58.86,60476,51454,51454,91.85,2473,9,0.8034,7616,12414,53.07,28.80771881,"25.392367323",95.11031604,14.31
"Southwest Minnesota State University",0.451,12.07,15.41,24757,10361,10361,62.18,2315,16,0.7371,10672,7153,51.8,26.89463956,"22.572249589",59.77011494,8.6
"Dunwoody College of Technology",0.6606,31.67,54.71,36587,27836,27836,98.87,1533,12,0.7619,7599,15813,52.38,28.21948488,"26.006862745",16.66666667,7.44
"Winona State University",0.5694,24.22,48.65,23683,10576,17308,75.49,5144,14,0.7904,10946,11017,69.17,21.17455139,"21.455958549",66.44315757,5.33
"Alcorn State University",0.5736,69.78,66.69,23751,8785,8785,45.33,2363,16,0.7665,7235,8729,60.63,34.51053284,"21.559285328",62.1548457,0.55
"Belhaven University",0.4854,48.65,67.88,39793,30250,30250,49.75,1471,12,0.6781,5643,4351,16.18,39.51187335,"30.590542099",68.28143022,3.94
"Blue Mountain Christian University",0.5476,28.77,50.11,33197,20180,20180,88.95,498,13,0.6792,6439,10172,75.44,36.95652174,"22.719723183",52.59515571,8.84
"Delta State University",0.4806,41.75,44.35,22445,8605,8605,100,1620,12,0.6667,7517,10994,55.71,32.27158424,"22.434220532",60.45627376,2.84
"Jackson State University",0.5091,72.32,82.22,32415,8965,11965,93.15,4600,14,0.6235,7988,10884,59.53,31.97217181,"23.338580576",64.64781217,0.2
"Millsaps College",0.5714,36.94,59.11,60061,44680,44680,43.12,549,9,0.5802,8256,19734,79,16.71732523,"19.5",49.71264368,6.19
"University of Mississippi",0.7174,21.73,37.17,28660,9772,28600,96.58,21473,18,0.8721,10330,15881,85.55,23.50269179,"21.748081841",60.8056266,5.84
"Mississippi University for Women",0.4677,40.3,40.7,22225,8492,8492,90.31,1605,10,0.6731,6855,10301,68.28,37.04600484,"26.140659341",86.81318681,1.5
"Mississippi Valley State University",0.2676,56.36,49.38,21154,7692,7692,92.38,1439,13,0.6975,6733,11446,62.34,42.62626263,"21.69733448",57.17970765,1.81
"Mississippi College",0.5934,29.64,35.44,41214,23500,23500,29.11,2518,14,0.7776,7995,8389,52.34,25.67237164,"22.265023112",62.17257319,3.69
"Mississippi State University",0.6667,29.33,38.69,29267,10202,27637,77.64,18397,16,0.825,10100,8632,83.23,24.8577142,"21.226035332",53.95308427,4.63
"Rust College",0.1179,71.46,69.61,23107,13265,13265,48.67,467,10,0.8438,5096,8780,85.71,45.99659284,"20.437410072",57.26618705,1.93
"University of Southern Mississippi",0.4906,46.28,47.75,26566,9998,11998,99.12,10075,18,0.7209,8697,8263,100,32.59689197,"23.329936086",65.05441354,4.93
"Tougaloo College",0.3311,62.73,60.2,24239,12407,12407,59.85,639,9,0.832,4012,5291,95.35,29.78208232,"21.238095238",63.63636364,1.56
"William Carey University",0.5978,27.11,24.86,29651,15480,15480,60.29,2201,14,0.7794,8123,12293,57.29,35.90163934,"25.904263276",66.26776365,2.86
"Avila University",0.5238,56.35,60.87,50096,42000,42000,87.8,1312,19,0.7053,6779,6863,22.73,36.74698795,"23.66621067",62.92749658,16.46
"Calvary University",0.5217,31.31,23.74,23938,14094,14094,71.74,154,7,0.5455,4019,8558,47.73,34.61538462,"25.614035088",40.35087719,9.74
"Central Methodist University-College of Liberal Arts and Sciences",0.5123,40.28,61.1,43635,28260,28260,56.87,1040,12,0.6184,6712,13771,100,43.72781065,"27.84279476",68.99563319,7.79
"University of Central Missouri",0.5408,26.78,32.38,22947,10050,18600,63.8,5648,18,0.7363,9188,9606,100,33.39464004,"22.044336175",58.87941535,7.19
"Culver-Stockton College",0.3916,39.35,71.61,44112,30875,30875,99.1,807,15,0.672,6246,4196,65.28,31.87613843,"20.380872483",52.34899329,5.45
"Drury University",0.618,25.58,49.63,48846,36745,36745,57.58,1383,14,0.7917,7506,11903,100,41.27630686,"26.131881428",60.37507562,4.48
"Evangel University",0.6503,31.25,74.28,39956,28548,28548,71.61,1229,15,0.7636,5330,6332,29.21,26.10571737,"22.481751825",55.05735141,5.53
"Hannibal-LaGrange University",0.5039,36.83,48.02,40839,26880,26880,72.63,410,8,0.7833,2888,4210,43.94,45.74898785,"25.039325843",67.97752809,5.12
"Kansas City Art Institute",0.5797,43.73,69.46,57410,44550,44550,54.76,812,10,0.7833,7886,12837,45.52,20.98765432,"20.571428571",73.38935574,16.63
"Lindenwood University",0.4933,29.98,48.98,35436,21600,21600,56.84,4624,14,0.6563,8990,7548,100,35.0877193,"24.814534231",57.77216611,5.26
"Logan University",0.2222,40.44,70.22,26928,9000,9000,64.29,229,9,0.5,7004,5698,38.99,36.53846154,"27.52991453",52.13675214,1.75
"Maryville University of Saint Louis",0.6622,36.41,52.67,41959,27166,27166,95.08,5658,13,0.8467,9445,6073,14.39,29.58735733,"23.956345998",69.44219887,8.47
"Missouri Baptist University",0.4758,11.13,18.92,49257,34612,34612,68.6,1488,15,0.6534,6803,4969,100,35.89015152,"24.204281891",55.04014273,0.6
"Missouri Southern State University",0.4158,34.02,33.26,19568,8960,17080,97.03,3019,15,0.6278,6706,9817,53.09,45.22339266,"23.347340775",60.70256074,10.14
"Missouri Valley College",0.2244,32,41.98,37899,23700,23700,69.18,1443,18,0.5297,5466,4613,47.69,40.08810573,"20.472361809",36.28140704,12.96
"University of Missouri-Columbia",0.7494,20.07,35.28,31713,14837,36056,78.47,23929,17,0.9268,11563,13675,78.82,20.05208333,"20.262374861",54.32424917,6.16
"University of Missouri-Kansas City",0.5546,26.39,23.91,25320,12587,30227,72.18,6817,13,0.7536,11063,14451,64.73,33.70424597,"23.122913907",60.63576159,17.72
"Missouri University of Science and Technology",0.6437,22.79,40,29231,14984,33248,72.55,5521,17,0.8656,12726,15588,82.54,22.49212776,"20.46378054",24.13201886,5.33
"University of Missouri-St Louis",0.5664,18.35,19.25,31199,14112,35112,62.67,5024,13,0.7361,10112,10909,53.53,37.79761905,"25.092912448",60.98868374,4.2
"Truman State University",0.6853,16.54,27.44,25115,9838,18566,83.77,2513,12,0.8474,7584,15401,85.87,22.80927835,"19.899752475",59.9009901,4.14
"Northwest Missouri State University",0.5423,27.27,41.53,24945,10611,17324,86.09,4378,16,0.7392,8101,7192,79.69,30.80851064,"20.258077383",61.22856003,5.44
"Ozark Christian College",0.6364,42.51,54.07,28485,16000,16000,93.61,602,17,0.8345,5805,5523,53.73,25.86206897,"20.526530612",50.20408163,5.48
"College of the Ozarks",0.6369,49.19,0,33734,22320,22320,11.99,1444,14,0.9023,8409,13386,70.18,32.65993266,"19.735576923",58.17307692,4.64
"Rockhurst University",0.7456,20.08,35.06,59898,44966,44966,69.59,1580,12,0.7912,8007,7703,50.18,20.60702875,"20.794520548",62.10045662,18.48
"Saint Louis University",0.7953,16.89,29.66,71932,55760,55760,75.04,7267,9,0.8784,11423,16954,63.4,22.36408567,"21.771541502",62.41106719,8.96
"University of Health Sciences and Pharmacy in St. Louis",0.6168,31.27,68,54802,32550,32550,89.84,337,9,0.6923,10471,28357,68.63,22.42424242,"21.418338109",64.46991404,0.3
"Southwest Baptist University",0.5532,36.27,50.34,40301,30566,30566,68.39,1341,10,0.6482,6072,10376,39.17,35.49432739,"23.862146051",65.20119225,2.24
"Southeast Missouri State University",0.5793,30.4,32.95,25177,9903,9903,73.52,6373,20,0.7576,8551,6248,68.22,36.88938798,"21.782877772",59.54100052,3.25
"Missouri State University-Springfield",0.5791,22.01,28.92,25048,9502,18770,90.53,13313,21,0.7725,9014,8676,67.12,32.25576759,"21.904991948",61.03059581,5.72
"Washington University in St Louis",0.9426,17.75,11.76,88488,65790,65790,12.06,7857,7,0.9495,16945,181929,72.53,11.4071607,"20.040290089",53.42465753,13.17
"Webster University",0.6439,28.82,45.81,51188,31750,31750,86.23,2304,16,0.6866,9218,8345,100,30.13270882,"24.500353857",60.43878273,5.16
"Westminster College",0.5549,38.28,91.23,51532,35214,35214,79.2,638,9,0.7097,7642,11340,68.83,27.00296736,"20.016666667",45.55555556,5.8
"William Jewell College",0.6766,31.57,48.04,35785,20610,20610,38.36,924,10,0.738,7488,12825,100,20.13274336,"21.334042553",59.57446809,11.8
"William Woods University",0.4681,34.82,49.41,49094,30340,30340,70.96,1300,16,0.5797,5707,6000,34.97,29.78723404,"23.318637275",73.14629259,9.46
"Carroll College",0.6929,20.24,44.82,55626,41484,41484,70.93,1092,12,0.8205,7620,10107,67.46,19.71830986,"20.357692308",60.38461538,7.23
"University of Providence",0.2794,32.92,48.22,43477,30448,30448,50.28,528,9,0.7216,6450,10820,50,40,"24.170568562",56.52173913,4.92
"Montana Technological University",0.5824,23.76,39.23,22786,8340,26150,91.05,1480,14,0.7674,8585,10441,76.6,33.73015873,"24.211302211",39.43488943,4.73
"Montana State University",0.5708,16.39,31.41,25905,8460,33287,82.14,14451,18,0.7852,9762,9613,57.54,23.31828928,"21.451500206",49.28072339,6.57
"The University of Montana",0.4796,28.03,41.07,23570,8552,33671,95.86,7488,17,0.7477,9310,10436,68.65,30.23255814,"23.268637196",55.40151713,6.24
"Rocky Mountain College",0.4841,31.11,54.66,46093,35582,35582,69.61,840,14,0.6905,6957,11659,93.51,31.53347732,"21.024439919",51.7311609,9.29
"The University of Montana-Western",0.5125,35.21,34.44,21403,6670,20130,99.78,1198,16,0.7857,7879,6545,100,35.96730245,"23.083228247",63.43001261,5.26
"Clarkson College",0.4667,40.13,81.08,24670,16104,16104,78.18,622,10,0.6087,6775,14465,82.19,33.33333333,"26.221218962",86.45598194,3.7
"Concordia University-Nebraska",0.6489,11.38,26.35,53292,40640,40640,85.72,1283,14,0.7953,6919,5451,100,18.27586207,"20.189768977",48.84488449,5.77
"Creighton University",0.8336,11.52,41.95,63423,48856,48856,79.75,4348,11,0.9415,10809,18314,68.79,18.38398814,"20.86",61.07142857,10.4
"Doane University",0.5714,26.78,66.25,57836,43985,43985,98.01,978,11,0.7925,7775,13589,40.79,29.92545261,"24.447657029",55.6331007,11.55
"Hastings College",0.4885,27.37,61.31,51422,37770,37770,71.65,891,14,0.6563,7146,8984,100,27.48538012,"20.311233886",46.59300184,14.59
"University of Nebraska at Kearney",0.5774,36.93,35.39,25808,8676,15284,89.49,4088,14,0.7996,8350,11409,66.23,34.3830666,"21.823923445",61.86602871,15.17
"Nebraska Methodist College of Nursing & Allied Health",0.5952,30.85,64.76,32835,17885,17885,73.41,781,13,0.8571,6681,12149,93.15,30.2970297,"26.600746269",89.92537313,9.6
"Midland University",0.4212,28.06,61.67,55719,42050,42050,66.12,1159,14,0.6926,6937,7011,100,34.12384717,"20.52876377",42.59485924,17.17
"University of Nebraska at Omaha",0.4708,34.65,26.29,21120,8718,23206,86.98,11488,15,0.7787,9293,10723,55.83,34.78655767,"22.211476075",56.08272506,17.83
"Nebraska Wesleyan University",0.6612,33.57,54.34,53569,43572,43572,79.82,1453,12,0.75,6745,7085,62.05,26.2295082,"22.494469027",57.41150442,9.29
"University of Nebraska-Lincoln",0.6697,22.77,32.55,26697,10434,28584,87.49,19178,17,0.8599,12658,13023,85.28,22.0236292,"20.135573747",52.50610369,9.58
"Union Adventist University",0.5226,30.77,60.84,42099,29334,29334,100,471,8,0.8354,6684,18776,98.55,24.53416149,"21.168091168",62.96296296,24.42
"York University",0.5221,40.18,64.11,34268,23000,23000,51.88,428,11,0.687,5879,5315,50.88,33.4841629,"20.605809129",40.24896266,14.95
"University of Nevada-Las Vegas",0.5051,40.1,25.5,19638,9748,27411,96.17,24622,19,0.7922,13197,16939,99.19,42.34979633,"22.712441979",59.66262878,36.37
"University of Nevada-Reno",0.6124,22.89,23.95,25786,9578,27720,73.71,15599,17,0.7966,13293,14669,97.99,38.46298032,"21.467339261",56.37824897,24.93
"Colby-Sawyer College",0.5745,22.78,65.71,38527,19125,19125,80.08,771,10,0.7674,7194,9406,100,24.13793103,"20.061403509",71.92982456,2.72
"Dartmouth College",0.9554,14.35,12.03,87793,68268,68268,5.4,4541,7,0.9842,19770,32539,81.27,17.36263736,"20.470711297",52.40585774,9.91
"Franklin Pierce University",0.5351,29.3,70.32,64185,46442,46442,93.47,992,13,0.7434,8428,10351,100,29.77691562,"21.571043165",54.22661871,9.48
"New England College",0.3451,36,71.5,59350,41938,41938,92.13,1022,8,0.6128,7656,5395,13.55,46.03305785,"27.360824742",62.4742268,9.1
"Southern New Hampshire University",0.4283,48.75,58.21,40918,17200,17200,99.51,163164,24,0.6112,9805,1594,100,48.25895769,"31.899427801",67.66710402,15.18
"University of New Hampshire-Main Campus",0.7607,18.13,56.63,35537,19202,39852,88.16,11261,17,0.8727,12271,12735,73.56,17.4486235,"20.029505732",55.76019545,4.28
"Keene State College",0.6006,26.16,66.56,29993,14784,26840,90.33,2699,17,0.7868,10286,10942,49.8,22.99554566,"19.903969957",56.65236052,5.59
"University of New Hampshire at Manchester",0.5,28.82,43.13,20020,15838,36418,80.87,443,8,0.8529,9178,10629,26.5,17.4486235,"20.029505732",55.76019545,10.16
"Plymouth State University",0.5203,28.09,69.12,29644,14626,25566,87.54,3153,15,0.6845,9340,9906,55.02,27.02251877,"19.990521327",53.55450237,5.77
"Rivier University",0.5167,28.31,69.74,53499,39488,39488,82.59,1231,14,0.7571,8174,7547,30.77,37.35795455,"24.167958656",76.61498708,7.39
"Saint Anselm College",0.8003,11.35,68.52,67213,48920,48920,78.05,2087,12,0.8813,9792,13897,65.81,13.0806846,"19.583828775",60.28537455,4.7
"Bloomfield College of Montclair State University",0.3811,70.36,88.58,42035,15912,26022,69.74,781,12,0.5944,9925,12599,100,41.24472574,"21.233536102",62.62893414,33.03
"Caldwell University",0.5749,48.62,64.09,54073,40848,40848,71.34,1575,12,0.7726,8318,9080,100,43.06688418,"21.388335704",74.25320057,27.43
"Centenary University",0.5605,38.28,63.3,52362,37732,37732,83.08,910,12,0.7784,7533,11236,100,38.21548822,"22.684131737",65.41916168,19.67
"Drew University",0.7048,28.94,44.58,65301,47100,47100,67.83,1533,11,0.8837,9405,11898,100,24.49725777,"19.940878378",62.16216216,7.11
"Fairleigh Dickinson University-Metropolitan Campus",0.5332,21.95,20.79,50305,38004,38004,90.71,2627,14,0.7698,9579,9140,30.35,42.55060729,"22.613930697",58.80294015,33.92
"Fairleigh Dickinson University-Florham Campus",0.6662,36.45,54.63,54204,38004,38004,95.19,1990,11,0.7821,9429,13263,41.48,42.55060729,"22.613930697",58.80294015,27.09
"Georgian Court University",0.5357,33.15,48.65,50671,37260,37260,78.84,1195,11,0.7611,8457,9850,37.44,42.11356467,"22.342696629",72.89325843,13.64
"Rowan University",0.6736,33.06,43.37,35842,16574,26932,77.66,15841,17,0.8234,10856,16731,52.56,35.08263759,"21.426578906",48.75411378,15.62
"New Jersey City University",0.3389,52.48,28.34,28255,14460,14460,98.38,3681,13,0.6482,12966,10046,100,53.03941216,"24.426705757",61.48720682,49.23
"Kean University",0.4657,47.93,41.13,26949,14299,22446,75.9,11433,17,0.7607,10488,13363,25.33,46.39848357,"23.383032491",62.36462094,39.15
"Monmouth University",0.719,30.45,60.72,62904,46552,46552,89.02,3684,12,0.7986,10388,12830,100,32.30769231,"20.039649608",59.47441217,18.08
"Montclair State University",0.6466,46.99,40.51,28305,15912,26022,87.89,18376,18,0.7789,12540,9193,34.26,41.24472574,"21.233536102",62.62893414,40.65
"New Jersey Institute of Technology",0.7276,39.56,31.18,32859,19974,37664,65.07,9019,17,0.8954,13884,16796,57.95,34.40366972,"22.107813033",20.94848175,28.56
"Princeton University",0.9761,19.24,1.97,84040,62688,62688,4.62,5709,5,0.9835,25354,73220,86.7,27.73972603,"19.25682183",51.36436597,10.05
"Ramapo College of New Jersey",0.6981,28.23,37.6,29483,16777,27708,70.64,4898,17,0.8361,12502,14181,100,31.28865979,"21.268939394",55.96590909,26.83
"Rider University",0.6133,34.73,58.29,55967,41120,41120,78.64,3106,14,0.7836,11615,13714,46.47,29.4011976,"20.581767956",59.77900552,20.15
"Rutgers University-Camden",0.6667,47.71,47.02,35178,17764,37276,66.29,3753,12,0.8,14127,21071,50.08,34.5829486,"21.835944444",55.39444444,24.03
"Rutgers University-New Brunswick",0.8363,27.9,34.79,36993,17929,37441,58.15,37751,16,0.9302,14593,20585,52.55,34.5829486,"21.835944444",55.39444444,15.89
"Rutgers University-Newark",0.6375,58.81,31.83,35654,17250,36762,71.36,7709,14,0.8382,16467,20911,58.81,34.5829486,"21.835944444",55.39444444,35.76
"Saint Peter's University",0.5826,51.98,28.56,50272,42552,42552,90.3,2135,12,0.7178,9476,7315,30.75,48.02571166,"21.594945848",63.89891697,42.9
"Seton Hall University",0.6949,32.49,50.43,68263,53170,53170,73.26,6036,14,0.8145,11807,12862,93.08,27.89620019,"20.447413062",54.15606446,28.45
"Saint Elizabeth University",0.511,57.91,65.67,53075,36741,36741,71.03,557,8,0.6471,7875,12527,32.93,47.07692308,"23.865853659",79.02439024,28.01
"Stevens Institute of Technology",0.8688,20.43,52.71,79790,63462,63462,47.58,4222,11,0.9364,17610,14681,100,15.49439348,"19.316046967",28.47358121,16.77
"Stockton University",0.6854,42.28,49.3,35139,16266,24524,88.94,7537,17,0.7859,11456,8898,49.86,40.40081324,"21.888829787",61.30319149,20.62
"The College of New Jersey",0.8585,20.97,47.56,38860,19632,25752,62.29,7105,14,0.9132,12766,10258,49.16,20.52256532,"19.843735968",57.70094297,17.79
"William Paterson University of New Jersey",0.4396,46.53,42.85,28476,15704,25344,90.08,6614,18,0.7394,13396,13191,97.67,43.94402036,"22.252301622",56.26918018,34.06
"Eastern New Mexico University-Main Campus",0.4509,35.71,18.91,18940,7194,9174,91.66,3357,18,0.6203,8343,7348,63.07,45.58617468,"24.292035398",58.20595334,45.58
"Institute of American Indian and Alaska Native Culture and Arts Development",0.1463,22.52,0,24854,5920,5920,97.47,334,9,0.7027,7818,15463,100,38.06451613,"26.886363636",53.40909091,11.68
"New Mexico Institute of Mining and Technology",0.5705,29.5,31.22,24967,9476,27247,44.49,995,9,0.7703,10264,13319,82.66,26.29107981,"21.173626374",25.49450549,40.6
"University of New Mexico-Main Campus",0.5469,38.73,44.08,21259,10140,33060,95.18,17244,15,0.7617,11446,15468,71.35,41.03443894,"23.685271142",58.32672931,51.19
"New Mexico State University-Main Campus",0.5517,38.49,19.93,23274,8183,25307,88.97,11946,16,0.7338,10198,12132,75.26,43.62586997,"23.138947368",57.65614035,63.66
"Adelphi University",0.6715,31.03,58.65,63189,49110,49110,65.91,5276,12,0.8286,13657,15443,30.63,35.4206501,"21.727628149",72.11120765,23.39
"Albany College of Pharmacy and Health Sciences",0.6754,28.88,83.36,54899,41475,41475,52.69,481,10,0.8582,10066,28471,61.21,21.69811321,"20.755102041",60.31746032,6.24
"Alfred University",0.5698,38.54,64.14,57445,41500,41500,73.84,1423,9,0.7752,7390,14894,83.73,24.5049505,"19.844243792",46.38826185,10.61
"American Musical and Dramatic Academy",0.7164,32.76,58.85,65647,46928,46928,24.48,1438,5,0.8333,6293,19683,31.68,25.04302926,"19.577287066",69.63722397,16.69
"Bard College",0.6756,16.67,31.68,84553,66436,66436,52.12,2414,9,0.8458,12589,42373,74.3,12.17105263,"19.82629108",61.97183099,14
"Canisius University",0.6639,32.2,53.28,44322,34500,34500,72.36,1685,11,0.7262,8691,8715,92.97,23.05502846,"19.742138365",54.08805031,5.7
"Clarkson University",0.7491,21.57,61.88,79022,59398,59398,77.36,2196,13,0.8478,11357,16750,77.66,15.28709918,"19.596820809",29.98554913,12.93
"Colgate University",0.9117,12.52,12.26,87070,70306,70306,13.88,3180,9,0.9343,13098,29447,93.12,18.07511737,"19.33924612",57.64966741,9.62
"Metropolitan College of New York",0.4,65.12,70.93,34203,20188,20188,90,402,12,0.2,7154,9596,100,49.58158996,"32.438571429",78.85714286,27.11
"Columbia University in the City of New York",0.961,22.71,13.71,89472,71845,71845,3.99,8973,6,0.98,21516,110371,42.68,25.04905167,"23.275151515",44.72727273,15.39
"The Cooper Union for the Advancement of Science and Art",0.8111,27.86,20.98,64190,46820,46820,20.71,842,8,0.9194,14408,35566,27.48,18.6440678,"19.680628272",31.41361257,12.71
"Cornell University",0.9538,18.41,17.81,88140,69314,69314,8.76,15995,9,0.9838,17953,33431,92.85,15.41640178,"19.839411584",53.35580754,13.16
"Culinary Institute of America",0.6292,28.94,53.23,58790,39850,39850,91.15,3011,18,0.6997,10143,15686,100,28.26541275,"21.80155642",52.38326848,21.55
"CUNY Bernard M Baruch College",0.7212,56.88,11.13,14170,7464,15414,47.52,16154,19,0.886,12558,12334,40.64,51.07763615,"22.829141215",51.47323033,28.99
"CUNY Brooklyn College",0.5386,57.02,6.71,14151,7452,15402,58.36,10543,13,0.8012,12737,14437,31.63,47.61904762,"23.333856291",58.83275808,24.13
"College of Staten Island CUNY",0.3393,49.59,10.44,14795,7490,15440,92.34,9657,17,0.757,12665,13329,32.39,46.727139,"20.956090111",56.39557083,27.87
"CUNY City College",0.5682,60.54,11.12,14403,7340,15290,60.02,12505,15,0.7926,13231,20521,33.63,45.96531792,"22.728632479",53.77492877,40.7
"CUNY Hunter College",0.5686,55.89,6.73,13905,7382,15332,53.8,16289,14,0.7765,12726,11602,29.19,46.94467382,"22.334586466",67.19516182,31.28
"CUNY John Jay College of Criminal Justice",0.5583,59.79,8.13,14212,7470,15420,57.11,11590,16,0.816,12169,14012,35.63,48.49257885,"22.766637857",60.98530683,51.53
"CUNY Lehman College",0.5128,59.94,11.65,14121,7410,15360,56.58,10696,15,0.7307,11996,15649,38.04,51.93195626,"25.969169824",71.029969,57.81
"CUNY Medgar Evers College",0.1977,56.32,10.45,14771,7352,15302,86.05,3233,13,0.4974,11999,24544,36.46,50.33222591,"24.790019624",71.79702832,18.5
"CUNY New York City College of Technology",0.2147,55.07,5.22,14110,7332,15282,80.29,13580,16,0.6487,12016,17652,26.57,51.23966942,"22.364139591",45.7400722,37.75
"CUNY Queens College",0.5325,47.17,8.35,14367,7538,15488,64.35,12550,13,0.7868,12204,13103,42.37,46.90335306,"23.396546311",56.71899529,31.11
"CUNY York College",0.3225,40.08,6.23,14330,7358,15308,64.1,4345,13,0.5744,11822,16732,35.61,49.59183673,"23.665278191",69.26509967,25.62
"D'Youville  University",0.6749,39.18,65.2,48539,34940,34940,81.37,1258,14,0.7344,9306,13159,65.1,27.08860759,"23.381944444",75.23148148,8.11
"Daemen University",0.5888,46.18,63.23,45192,35218,35218,68.26,1643,12,0.7567,7103,9384,48.94,28.84097035,"23.317213115",72.62295082,6.57
"Dominican University New York",0.5251,48.39,76.58,47802,34220,34220,63.3,1105,13,0.6644,8662,9491,34.95,32.12951432,"21.852620087",68.55895197,43.71
"Elmira College",0.6471,37.91,71.73,52449,38976,38976,76.96,708,11,0.6975,5191,12186,45.79,26.83982684,"21.243027888",71.11553785,8.76
"Fashion Institute of Technology",0.8068,32.02,29.77,26838,6294,16874,60.24,7637,16,0.907,10261,15428,100,27.60084926,"21.291810842",83.92925798,23.65
"Five Towns College",0.5532,34.44,42.15,42458,30250,30250,53.82,547,11,0.6966,5870,6645,14.39,31.70731707,"21.079234973",28.68852459,29.07
"Fordham University",0.8191,21.42,47.41,82762,64915,64915,59.31,10512,14,0.8852,16236,19044,100,17.64084507,"20.350413223",61.38842975,21.23
"Hamilton College",0.9063,17.72,29.25,84230,68960,68960,13.62,2030,9,0.9481,12404,31938,76.45,13.28502415,"19.348519362",54.21412301,9.7
"Hartwick College",0.5332,35.61,80.76,68614,54962,54962,69.6,1087,10,0.7444,7918,14712,100,27.08688245,"19.592",57.12,10.03
"Hilbert College",0.5631,48.24,73.16,42114,33740,33740,97.2,921,15,0.638,6332,6509,31.86,38.13953488,"21.52866242",57.11252654,9.01
"Hobart William Smith Colleges",0.7725,25.09,73.67,82602,65117,65117,63.99,1786,11,0.8636,9559,18893,100,12.5,"19.41356383",51.19680851,10.97
"Hofstra University",0.6854,25.27,44.34,70624,57660,57660,68.08,6488,13,0.8362,14951,19163,40.39,23.53177796,"20.274509804",59.23831071,18.79
"Houghton University",0.6522,28.5,47.77,31143,18430,18430,88.66,753,12,0.8398,6614,11627,60.68,17.00819672,"20.721611722",57.87545788,1.73
"Iona University",0.56,28.27,43.75,60247,47260,47260,86.94,2951,16,0.7693,9406,11774,53.78,31.34772897,"19.421515562",52.97699594,32.29
"Ithaca College",0.7623,19.05,64.51,68699,53540,53540,69.01,4242,10,0.8467,9844,14787,77.76,13.75752365,"19.438294383",58.63058631,11.43
"Keuka College",0.5836,49.89,75.16,54760,39332,39332,68.08,966,10,0.7336,7000,7443,100,38.20840951,"25.170651278",75.84501237,7.66
"LIM College",0.5087,37.71,61.94,53064,33504,33504,95.9,1187,20,0.7333,6448,7036,9.52,32.52818035,"20.727407407",90.96296296,20.47
"Le Moyne College",0.7313,30.98,63.72,53183,40330,40330,82.98,2439,12,0.8355,9082,13943,47.93,22.29007634,"20.475609756",60.18651363,8.49
"Long Island University",0.5707,17.14,28.89,55424,42432,42432,86.16,5520,15,0.7719,13296,12497,39.62,35.63569682,"23.542024014",68.39010047,18.48
"Manhattan University",0.6371,36,15.51,64348,53400,53400,78.94,2744,15,0.7598,12755,16204,48.11,25.41636495,"20.080882353",47.79411765,33.49
"Manhattanville University",0.5842,35.14,78.56,53499,44604,44604,87.34,1362,12,0.7387,8614,10221,18.64,30.10130246,"19.838582677",70.73490814,27.17
"Maria College of Albany",0.3,55.76,84.5,21798,18740,18740,44.48,656,6,0.3333,7782,12077,96.77,40.99009901,"27.347747748",87.02702703,11.74
"Marist University",0.796,14.45,46.24,67574,47750,47750,56.51,5182,15,0.8609,11066,14663,44.99,18.83905013,"20.701010101",60.1010101,14.28
"Marymount Manhattan College",0.4904,28.4,71.12,65767,41870,41870,82.61,1577,7,0.7018,8703,13777,17.23,22.63710618,"20.592552026",78.97042716,17.88
"Mercy University",0.4571,50.05,45.54,32596,22880,22880,85.84,5735,16,0.7572,9574,7862,25.28,41.86952288,"23.903866525",70.47139831,48.86
"Molloy University",0.6993,33.66,64.65,50720,39790,39790,81.74,3162,12,0.8517,11277,13180,35.24,35.29824561,"22.103994927",74.82561826,27.67
"Monroe University",0.5655,55.08,44.31,28285,18464,18464,67.51,5701,17,0.6651,6359,4404,61.83,49.06852961,"23.704681873",61.36854742,39.59
"Mount Saint Mary College",0.6546,22.25,44.7,55014,43450,43450,88.88,1148,12,0.7363,9710,10143,38.42,37.15139442,"21.874080882",72.61029412,28.22
"University of Mount Saint Vincent",0.5683,46.21,53.29,54170,44540,44540,85.11,2692,12,0.7305,10648,8447,18.84,41.01838755,"21.177700348",71.19628339,29.46
"Nazareth University",0.7279,26.26,69.79,58254,42450,42450,74.72,1873,8,0.8482,8439,14798,41.05,18.20603908,"20.955084746",73.55932203,8.06
"The New School",0.6937,15.01,25.01,88284,58694,58694,63.47,6563,9,0.8476,13417,19368,20.64,19.44012442,"21.740077444",75.36302033,11.28
"New York University",0.8757,17.88,19.08,84374,62796,62796,9.23,28663,8,0.9577,18026,37294,100,21.48843446,"20.596370463",61.13892365,14.37
"Niagara University",0.7451,27.19,54.5,51632,39345,39345,87.37,2653,10,0.8038,9724,8434,100,24.15153907,"20.5917603",64.71910112,6.11
"New York Institute of Technology",0.5877,45.1,44.62,56976,46560,46560,81.02,3440,12,0.7799,13524,19326,32.56,32.96541575,"20.983182406",37.45148771,24.24
"Pace University",0.6003,27.25,44.92,69550,53290,53290,75.92,7665,14,0.7549,12908,11687,100,29.41176471,"20.708072846",65.34384344,24.49
"Paul Smiths College of Arts and Science",0.5055,36.25,72.34,51506,33009,33009,76.53,579,12,0.7519,6551,10287,84.91,29.69348659,"20.466179159",35.46617916,0.35
"Pratt Institute-Main",0.7354,18.86,34.56,80049,61845,61845,73.25,3910,9,0.8826,12587,19936,14.83,19.25777332,"20.250943396",70.66037736,12.89
"Rensselaer Polytechnic Institute",0.8362,19.92,50.99,82404,64081,64081,63.47,5714,14,0.9072,13820,20696,89.25,13.74501992,"19.572596154",34.42307692,10.94
"Roberts Wesleyan University",0.6667,35.42,60.51,52919,38826,38826,70.63,1149,7,0.836,7175,9214,91.75,27.20306513,"26.044705882",75.17647059,9.31
"Rochester Institute of Technology",0.6989,27.24,52.91,74626,59274,59274,66.93,13215,13,0.8879,11525,21369,70.33,19.4684529,"20.126538146",35.31583265,10.44
"University of Rochester",0.8543,17.25,39.74,85962,67080,67080,40.08,6331,9,0.9069,14585,40019,94.88,18.67656153,"20.786170831",54.90993608,8.29
"Russell Sage College",0.561,42.04,78.15,50607,38164,38164,53.26,1244,10,0.7789,6600,9669,83.57,37.5,"22.447268107",78.27191868,13.02
"St Bonaventure University",0.6673,26.75,93.26,57271,41735,41735,81.65,2012,13,0.8589,7778,8900,65.79,18.6440678,"19.755102041",52.18658892,6.16
"St Lawrence University",0.7906,21.36,53.98,82000,65900,65900,54.34,1918,11,0.9083,10401,19642,79.13,13.1897712,"19.428756477",59.58549223,5.53
"St. Thomas Aquinas College",0.5404,21.62,28.36,53370,39450,39450,93.05,972,16,0.7336,9579,10224,40.16,31.66666667,"20.361423221",51.87265918,21.5
"Sarah Lawrence College",0.7133,11.83,40.43,82467,66862,66862,61.73,1530,10,0.8735,11235,21462,33.45,10.78431373,"19.460620525",72.79236277,12.22
"Siena College",0.7473,24.49,66.01,64870,46580,46580,69.02,3409,12,0.8269,9661,10282,64.04,20.53896577,"19.971547536",52.39417071,9.97
"Skidmore College",0.8257,12.75,33.03,85270,67290,67290,21.05,2694,8,0.8965,11403,25466,77.17,14.83146067,"19.512605042",63.02521008,10.47
"St. Joseph's University-New York",0.6878,33.99,52.06,41897,36550,36550,72.05,3144,12,0.807,9258,10842,100,37.57412399,"24.009990485",68.6489058,23.89
"St. John Fisher University",0.7417,28.69,67.8,55201,41190,41190,66.4,2565,11,0.8642,9676,12170,100,25.21994135,"21.106944444",60.97222222,7.99
"St. John's University-New York",0.6609,24.19,27.52,65527,53020,53020,83.43,9477,16,0.787,13500,13576,45.85,31.64556962,"19.701235016",59.04467853,24.9
"SUNY College of Technology at Alfred",0.5506,44.97,57.03,25385,8892,16837,75.68,3563,16,0.6546,6459,12894,74,33.27526132,"20.994094488",36.02362205,13.36
"SUNY College of Technology at Canton",0.3845,50.42,58.57,24906,8742,13572,92.15,2741,18,0.6949,7884,11535,57.81,36.98092031,"22.485432099",57.13580247,11.86
"SUNY College of Technology at Delhi",0.4543,49.01,55.4,26944,8772,12762,89.01,2843,13,0.5694,6928,13774,62.84,37.86565547,"21.982938389",50.75829384,19.03
"SUNY College of Agriculture and Technology at Cobleskill",0.4234,43.29,55.58,27786,8768,18678,84.02,1904,15,0.6871,7556,13476,64.24,32.89760349,"20.544108178",53.70251127,13.81
"Farmingdale State College",0.5278,36.25,22.91,18966,8626,18536,63.29,9552,18,0.8157,9379,11226,35.74,39.7044004,"22.485995232",46.39451728,30.11
"SUNY Morrisville",0.2808,59.59,70.95,26833,8825,19245,91.54,1923,14,0.5749,7440,19168,54.15,35.06146446,"21.307874763",49.66793169,13.1
"University at Albany",0.6145,43.69,50.92,28802,10866,31256,69.1,12564,16,0.8344,11012,17210,56.9,30.08942662,"20.611145511",52.87925697,19.63
"Binghamton University",0.8162,28.12,39.42,30345,10567,30447,38.61,14655,18,0.8938,11086,14520,79.23,24.83826248,"20.234634462",51.77916757,13.64
"University at Buffalo",0.7518,33.13,39.74,30785,10936,31536,74.18,20112,11,0.8521,12415,19048,70.19,28.06191117,"20.669631977",42.7613941,9.41
"Stony Brook University",0.7556,39.44,35.3,30539,10931,32741,49.04,18101,19,0.8981,14008,22608,61.74,36.14088821,"21.160121869",51.01557211,15.79
"SUNY College of Environmental Science and Forestry",0.6632,19.65,30.82,28133,9303,22263,63.28,1839,14,0.8702,9954,25510,78.98,20.42553191,"20.924450549",46.97802198,10.88
"SUNY Polytechnic Institute",0.5508,39.65,42.17,23741,8625,21215,81.35,1849,13,0.6915,9835,11232,46.3,30.52415211,"22.76504298",35.91212989,11.74
"SUNY Brockport",0.5513,40.19,60.01,26046,8752,15822,70.68,5784,17,0.7177,8645,14329,53.37,31.52955896,"22.237836291",58.12821981,9.75
"SUNY Buffalo State University",0.3331,55.6,50.1,24279,8533,19653,72.95,5097,14,0.5772,9132,15967,52.13,34.01759531,"21.234532374",57.71839671,13.03
"State University of New York at Cortland",0.6803,27.42,60.66,28108,8874,18784,59.79,5901,15,0.8109,7557,11144,58.08,27.09096968,"20.381115612",54.03552509,12.05
"SUNY at Fredonia",0.5021,38.83,65.1,25879,8831,19771,77.7,2755,11,0.7624,8123,17136,54.07,22.81675921,"20.098531502",60.82425391,10.6
"SUNY College at Geneseo",0.7145,27.64,50.72,27709,8999,19569,66.45,3869,16,0.8699,8765,14838,62.73,18.63874346,"19.834839357",61.89759036,7.86
"State University of New York at New Paltz",0.716,31.9,42,28428,8572,18822,61.61,6086,16,0.8502,8406,13655,48.6,31.69421488,"21.028475084",63.54439865,23.6
"SUNY Oneonta",0.6881,36.02,57.29,28821,8831,19781,69.6,4643,13,0.7551,7888,13074,61.17,25.77405858,"20.09214619",60.84758942,18.39
"State University of New York at Oswego",0.6036,39.65,52.28,27052,8825,18735,80.55,5473,15,0.7045,8147,13885,65.38,27.81818182,"20.690869087",51.29262926,14.96
"SUNY College at Potsdam",0.453,40.34,55,25083,8768,18678,77.7,1823,11,0.7767,7383,17215,62.72,34.11488863,"20.457680251",58.30721003,11.68
"SUNY at Purchase College",0.6277,35.51,41.93,29043,8953,19203,74.05,3197,12,0.8031,8079,19625,40.04,24.13793103,"21.07367829",58.8863892,28.53
"SUNY Old Westbury",0.4457,49.27,28.2,21287,8422,18842,83.63,4162,17,0.7177,10290,13648,41.71,39.38859494,"23.1072295",61.5720524,33.78
"State University of New York at Plattsburgh",0.5851,40.56,56.92,28244,9035,18945,78.41,3769,15,0.732,8116,14050,63.19,31.37166139,"21.075051546",58.80412371,13.72
"SUNY Maritime College",0.6439,22.12,38.78,29786,8589,19159,72.41,1285,15,0.8346,8873,20252,76.85,21.48288973,"20.394594595",12.61261261,18.68
"Syracuse University",0.8361,17.07,32.42,84517,65528,65528,45.92,15477,15,0.9013,13189,20551,68.44,18.86792453,"20.151344025",55.47775017,12.48
"Touro University",0.7239,30.2,24.49,40500,22450,22450,60.83,4040,10,0.8883,9964,15871,40.45,38.27940016,"26.6415593",74.2979848,12.2
"Union College",0.8039,14.36,44.04,84561,69039,69039,43.92,2046,9,0.9018,12031,26013,89.56,13.003663,"19.473229706",49.56822107,10.95
"Utica University",0.5624,33.37,66.05,37205,26930,26930,91.95,2278,12,0.7071,9148,10197,45.09,31.56398104,"23.991803279",60.48317515,10.8
"Vassar College",0.9108,19.24,38.76,87419,71030,71030,18.57,2444,7,0.949,13587,34689,85.32,14.18439716,"19.445205479",56.71232877,13.58
"Villa Maria College",0.3145,64.77,52.29,36335,28670,28670,86.59,603,10,0.7647,5508,7785,22.31,37.89731051,"22.266393443",58.81147541,5.8
"School of Visual Arts",0.7568,15.57,25.68,78051,51400,51400,92.64,3244,9,0.8548,4435,17394,14.89,25.53444181,"20.579064588",66.36971047,11.59
"Wagner College",0.6514,23.85,53.43,65574,53200,53200,88,1651,11,0.8342,8122,14143,100,28.45303867,"20.273794003",62.45110821,15.14
"The College of Westchester",0.3765,62.29,56.45,31660,25191,25191,94.42,759,19,0.7931,6287,5505,20,50.79086116,"24.858837485",63.22657177,50.46
"Yeshiva University",0.832,13.44,16.07,70892,51800,51800,55.62,2852,7,0.9153,13637,18550,100,14.38596491,"19.572649573",51.62393162,2.84
"Appalachian State University",0.7453,26.42,36.6,23169,7579,25212,90.14,19444,16,0.8369,9281,8690,77.7,25.00863558,"21.07693575",57.49588138,9.42
"Barton College",0.4585,37.32,63.71,51935,37250,37250,94.2,982,14,0.6548,6671,8229,97.87,35.00931099,"23.259504132",73.05785124,10.39
"Belmont Abbey College",0.4668,24.21,47.64,34788,19500,19500,74.65,1276,12,0.7044,7019,7400,67.86,27.36982644,"23.723964868",51.81932246,9.95
"Brevard College",0.4884,40.58,69.11,47288,32280,32280,42.16,815,12,0.6151,6053,6755,100,29.46428571,"20.122621564",41.86046512,7.61
"Cabarrus College of Health Sciences",0.7143,28.74,80.79,26375,16550,16550,23.38,712,11,1,8088,9077,53.85,36.99186992,"26.815384615",86.53846154,10.81
"Campbell University",0.6096,37.58,38.82,62187,41600,41600,87.18,2680,13,0.7616,9210,14458,49.59,31.12033195,"23.996165317",57.73327652,13.99
"Catawba College",0.4729,41,53.18,49516,34300,34300,75.21,1235,13,0.773,8682,12087,80.83,29.92366412,"22.792426367",53.15568022,10.04
"Chowan University",0.2995,56.58,56.9,39027,27910,27910,68.79,603,15,0.7081,7034,6985,100,37.0405278,"20.430307942",51.21555916,8.79
"Davidson College",0.9107,17.59,8.67,79475,64410,64410,13.37,1867,8,0.9461,13033,22692,95.98,15.77380952,"19.438395415",46.13180516,11.14
"Duke University",0.9678,14.03,13.64,87072,68758,68758,5.71,6442,5,0.9793,19001,87044,94.49,13.45885635,"21.316141996",54.65505693,10.73
"East Carolina University",0.6262,31.8,38.7,23867,7361,23638,89.21,19896,17,0.8272,9595,14141,76.97,26.46028037,"21.91905232",59.33969508,10.45
"Elizabeth City State University",0.4351,53.52,53.96,17701,6536,10536,64.22,1975,19,0.7688,8621,10492,80.58,37.45704467,"21.916923077",52.30769231,5.57
"Elon University",0.8404,9.93,24.47,62266,46958,46958,66.35,6452,11,0.898,10563,19988,82.36,9.09090909,"19.548833189",57.99481417,7.21
"Fayetteville State University",0.3846,56.6,45.97,16652,4353,8353,82.15,5762,20,0.7529,9421,8747,76.92,40.89541008,"26.889506375",69.82674076,9.81
"Gardner-Webb University",0.5539,37.07,47.17,47091,34760,34760,77.21,1856,12,0.5533,7375,8808,99.29,35.4704413,"25.118012422",67.39130435,3.99
"Greensboro College",0.462,46.11,66.13,35165,21000,21000,70.14,708,10,0.6587,6155,9444,100,31.5978456,"21.827079935",44.20880914,9.75
"Guilford College",0.4581,43.71,50.69,55689,41362,41362,80,1001,12,0.6492,7005,8232,52.94,26.32275132,"22.950839329",50.11990408,15.58
"High Point University",0.737,11.85,41.11,65548,45312,45312,75.31,5129,21,0.8535,9147,13024,100,14.77869467,"19.443148688",63.33819242,8.7
"Johnson C Smith University",0.3429,69.47,74.57,34923,21300,21300,45.21,1244,12,0.7133,7806,10570,58.74,36.44171779,"23.284491979",58.60962567,0.48
"Lees-McRae College",0.4208,37.29,59.41,49498,33250,33250,76.78,873,11,0.6884,6116,7880,50,40.1384083,"25.192245557",66.72051696,4.7
"Lenoir-Rhyne University",0.4778,39.2,55.72,44621,31900,31900,84.59,1359,15,0.7553,7780,10703,100,31.66069295,"20.438730853",60.28446389,8.83
"Livingstone College",0.2819,82.12,78.1,28305,18296,18296,59.25,924,14,0.7063,5732,8418,77.03,39.21800948,"20.410152284",49.13705584,0.54
"Mars Hill University",0.4487,46.21,62.08,50099,37736,37736,67.9,1044,11,0.6933,5935,15848,62.1,34.40094899,"21.237362637",56.37362637,9.48
"Meredith College",0.7007,35.91,54.85,57313,45630,45630,74.18,1188,10,0.7938,7652,14651,100,21.99488491,"21.390625",97.95673077,19.11
"Methodist University",0.4351,41.3,58.01,55796,41250,41250,75.14,1448,11,0.651,8728,11574,61.78,32.06865402,"23.121035058",45.65943239,11.88
"Montreat College",0.5031,39.13,67.72,47133,36450,36450,69.2,762,11,0.5888,6390,7421,36.69,30.33707865,"23.186295503",49.46466809,2.23
"University of Mount Olive",0.5178,44.71,68.92,38569,27366,27366,75.75,1796,17,0.7165,7025,3971,100,43.25068871,"30.032875368",70.31403337,10.24
"North Carolina A & T State University",0.5718,52.31,54.76,20427,6813,20673,49.9,12182,20,0.7752,10522,8093,60.08,28.08621816,"21.353443143",56.9954356,4.43
"University of North Carolina Asheville",0.5448,32.37,38.56,21685,7501,24849,91.92,2910,13,0.7209,9155,13642,82.8,21.83984116,"22.01525747",61.22059758,10.34
"University of North Carolina at Chapel Hill",0.9117,20.04,13.08,26055,8994,41203,15.34,20752,15,0.9661,15046,33767,78.27,19.93713516,"20.319682676",61.96397942,9.71
"University of North Carolina at Charlotte",0.6897,33.94,39.22,23010,7239,22492,79.6,24453,21,0.8498,11828,11037,70.3,28.40072549,"22.018143962",52.23081499,15.54
"University of North Carolina at Greensboro",0.5631,50.24,45.75,21373,7661,24012,88.51,14062,18,0.7891,9693,9830,76.84,31.27645051,"22.526289744",68.52653718,17.47
"North Carolina Central University",0.4165,58.7,62.93,26556,6699,19735,86.96,6081,16,0.7271,9555,12526,67.68,32.86619953,"22.54395766",67.21552485,5.74
"North Carolina State University at Raleigh",0.8476,19.58,33.45,26425,8799,32847,41.74,27371,15,0.9447,12820,18060,87.67,19.29167376,"20.854061121",49.99182873,9.42
"North Carolina Wesleyan University",0.4197,49.75,63.94,49974,35736,35736,80.23,1214,13,0.5854,6597,5633,41.38,46.77060134,"28.49009247",60.5680317,3.05
"University of North Carolina Wilmington",0.7059,23.95,36.13,26547,7277,24152,64.24,14922,17,0.8816,10074,10765,72.05,25.89784517,"22.819777316",63.08737498,9.08
"William Peace University",0.4481,34.25,46.71,49362,34176,34176,94.25,666,13,0.7358,6905,5817,48.57,29.36802974,"22.983361065",60.39933444,13.81
"University of North Carolina at Pembroke",0.4354,50.08,42.55,17261,3648,7648,93.26,5330,14,0.7164,8725,7136,73.22,36.56313302,"22.893597278",60.6557377,11.14
"Pfeiffer University",0.3497,50.76,70.18,45542,35070,35070,96.03,655,11,0.7231,7705,13663,52.73,33.33333333,"24.476767677",53.73737374,10.84
"Queens University of Charlotte",0.6131,24.03,70.43,65742,45846,45846,62.08,1211,9,0.7406,8748,10698,56.05,21.90332326,"23.403133903",73.36182336,13.87
"Mid-Atlantic Christian University",0.2075,37.64,52.81,33011,17280,17280,62.16,132,9,0.3158,5406,10309,43.75,35.04273504,"22.169117647",55.14705882,2.27
"Saint Augustine's University",0.25,50.54,37.1,33179,16896,16896,33.8,172,10,0,6609,10716,54.17,34.53689168,"20.831989247",43.5483871,4.07
"Shaw University",0.2179,66.43,71.17,30861,17538,17538,80.16,875,14,0.5165,5041,7287,57.29,40.05474453,"21.264957265",56.48795649,5.83
"Wake Forest University",0.8915,10.09,13.98,87499,67642,67642,21.67,5485,10,0.9256,12666,35708,75.59,11.96808511,"19.472797927",50.77720207,9.68
"Warren Wilson College",0.42,39.6,52.62,56966,41500,41500,71.34,707,12,0.7092,6280,11579,69.05,20.40133779,"20.477707006",64.33121019,8.63
"Wingate University",0.4635,44.24,51.83,57473,41636,41636,91.13,2668,15,0.7048,8244,9981,54,28.78645343,"20.476190476",64.55026455,10.23
"Winston-Salem State University",0.4668,64.91,67.93,23147,6126,16782,78.26,4170,15,0.7725,9217,11408,67.1,35.35598706,"22.725759768",70.22431259,4.75
"Western Carolina University",0.6026,34.64,44.22,19992,4630,8630,81.83,10024,16,0.7911,9069,9410,73.51,32.9004329,"22.326330867",57.31678205,8.79
"Dickinson State University",0.506,21.48,34.12,20567,9118,9118,37.02,1090,16,0.6744,7146,7350,50,30.53016453,"23.522108844",58.50340136,6.51
"University of Jamestown",0.4904,25.52,61.41,38013,24990,24990,88.08,1041,13,0.6735,7294,10448,100,28.22966507,"20.441176471",49.54751131,7.3
"University of Mary",0.666,20.9,44.35,33672,22356,22356,75.3,2416,14,0.8354,8186,8897,61.96,17.86833856,"22.580742227",65.09528586,0
"Minot State University",0.4505,24.45,36.5,19339,8702,8702,64.62,2062,11,0.6648,8340,9367,88.1,34.71741638,"23.759958071",62.05450734,7.18
"University of North Dakota",0.6048,17.15,41.09,25605,10951,15570,76.9,9981,17,0.8402,10049,18456,92.47,19.1217343,"22.030128373",47.70762379,6.02
"North Dakota State University-Main Campus",0.6389,19.73,51.99,23716,11110,15764,94.96,9471,19,0.7842,10624,11618,97.51,17.27807971,"20.688960343",47.88853162,3.72
"Trinity Bible College and Graduate School",0.4595,61.81,63.19,31544,19700,19700,25.75,141,9,0.6286,5047,9323,100,31.93277311,"21.368421053",41.35338346,9.93
"Valley City State University",0.5333,16.89,29.55,20468,8514,13544,99.07,958,12,0.7086,6935,14718,50.67,26.24768946,"23.173684211",53.50877193,3.24
"Herzing University-Akron",0.1892,76.38,83.46,27417,13450,13450,94.57,391,13,0.25,6817,5535,15.63,52.09032652,"31.289940828",81.35465189,2.3
"University of Akron Main Campus",0.5186,29.1,32.4,26284,13135,20815,59.67,9052,17,0.7298,10255,9734,49.57,36.36497859,"21.54619899",50.14330558,4.26
"University of Akron Wayne College",0.1852,12.49,8.89,15993,7723,15403,89.92,457,42,0.5854,7842,7838,5.56,36.36497859,"21.54619899",50.14330558,4.6
"Art Academy of Cincinnati",0.4127,50.59,69.02,53879,41375,41375,34.49,205,9,0.5088,5527,6541,26.32,30.76923077,"21.765957447",74.46808511,5.37
"Ashland University",0.6063,28.85,37.94,43434,31210,31210,76.4,2199,14,0.7652,7701,11063,29.92,40.89443997,"29.591521525",44.03549129,4.09
"Aultman College of Nursing and Health Sciences",0.5333,36.93,55.6,28979,20230,20230,45.88,280,11,0.7222,7225,10386,31.58,52.40174672,"26.131147541",90.16393443,1.43
"Baldwin Wallace University",0.6677,29.16,82.2,55606,39832,39832,75.7,2842,12,0.8384,8614,15441,55.23,31.80887372,"21.133462282",53.90070922,7.88
"Bluffton University",0.5294,44.68,76.58,51862,37362,37362,67.23,582,11,0.5957,5689,11125,51.11,32.72311213,"21.158008658",46.75324675,3.44
"Bowling Green State University-Main Campus",0.6373,23.13,47.94,33007,14460,22448,80.96,12812,17,0.8157,10477,11814,70.93,30.32948465,"20.805938211",60.13106861,5.79
"Capital University",0.6027,33.89,62.74,57130,43234,43234,70.22,1585,9,0.7554,8673,13045,46.25,27.5147929,"21.992977528",62.57022472,8.26
"Case Western Reserve University",0.8717,17.52,47.41,85851,66608,66608,36.54,6437,9,0.9214,13338,35710,75.18,10.85126286,"19.656907594",47.2095151,11.64
"Cedarville University",0.7253,15.22,33.3,49320,37150,37150,65.29,4024,14,0.8958,8563,9927,57.39,12.65597148,"19.749781277",53.36832896,3.55
"Central State University",0.2281,52.7,41.64,21929,8058,10058,98.61,2620,16,0.5592,7698,4813,100,40.03590664,"20.391891892",54.95495495,4.77
"The Christ College of Nursing and Health Sciences",0.5571,34.9,60.92,28094,16836,16836,58.94,713,11,0.6912,7243,8118,69.23,39.59899749,"25.821029083",91.94630872,2.95
"University of Cincinnati-Main Campus",0.7496,18.76,37.32,32171,13976,29310,85.29,29882,19,0.8535,11468,12292,57.2,30.97519247,"22.327481647",55.98467922,5.36
"Ohio Christian University",0.3394,33.66,42.39,35017,24600,24600,37.97,862,14,0.6237,4506,4905,100,54.74074074,"34.519756839",63.82978723,4.99
"Cleveland Institute of Art",0.5771,42.23,78.8,64587,49400,49400,61.35,539,9,0.878,7134,14182,47.12,26.71232877,"20.406557377",65.57377049,11.13
"Cleveland State University",0.5057,40.51,73.7,27159,12988,18510,91.3,8969,16,0.7032,9480,12674,83.99,38.37554585,"23.708822596",58.93367185,9.47
"Columbus College of Art & Design",0.556,39.19,69.88,54443,40825,40825,67.66,882,10,0.8032,5663,13051,35.19,24.56140351,"20.618367347",70,8.73
"University of Dayton",0.8018,15.81,40.44,65881,49140,49140,65.45,7682,14,0.8906,9699,13290,70.29,10.24121879,"19.622861911",51.98164372,6.72
"Defiance College",0.3057,49.78,72.41,53667,29320,29320,47.55,499,11,0.5565,6646,11859,60,35.53719008,"21.41038961",42.85714286,6.81
"Denison University",0.789,12.55,50.5,81900,67000,67000,17.39,2380,9,0.8852,11237,25080,95.2,17.12328767,"19.390822785",57.75316456,7.31
"The University of Findlay",0.5786,14.69,35.05,54580,41164,41164,83.37,2223,12,0.7374,7542,11807,50.79,29.31174089,"20.964202335",68.0155642,4.63
"Gods Bible School and College",0.4048,36.69,6.47,18358,7710,7710,75.32,281,9,0.8095,1073,10577,91.67,35,"23.372727273",55.45454545,3.56
"Heidelberg University",0.5198,36.6,90.67,47025,33650,33650,85.79,915,14,0.7413,6994,8859,47.62,32.18390805,"19.829721362",42.56965944,2.4
"Hiram College",0.5451,31.74,55.85,40572,27600,27600,93.53,777,11,0.7186,6756,12391,100,37.57961783,"23.403162055",48.61660079,9.01
"John Carroll University",0.7855,20.59,54.66,65827,50500,50500,80.9,2274,13,0.8288,10285,15871,100,18.59861592,"19.999158249",46.63299663,3.91
"Kent State University at Kent",0.6372,28.51,50.09,30567,13232,23082,86.34,19320,20,0.8094,10622,10496,60.87,35.94029851,"21.876885645",63.64963504,4.85
"Kettering College",0.6512,24.1,42.1,32839,16320,16320,76.54,549,9,0.7353,8475,10138,54.87,40.26845638,"24.990415335",89.13738019,3.64
"Lake Erie College",0.3795,37.23,54.57,50790,37634,37634,70.36,852,12,0.5936,6902,5968,50.55,32.7014218,"20.422222222",44.22222222,3.99
"Lourdes University",0.3246,29.99,81.02,45378,29500,29500,74.13,543,12,0.8712,5984,12048,94.44,33.60488798,"22.40037594",61.27819549,8.66
"Malone University",0.4498,32.52,58.56,49754,37160,37160,75.86,798,14,0.7558,6917,7647,38.03,32.70893372,"23.237449118",56.85210312,3.01
"Marietta College",0.6138,33.55,68.66,53709,39652,39652,79.31,952,10,0.6943,7828,16371,100,25.96153846,"19.972413793",38.16091954,3.36
"Mercy College of Ohio",0.5581,32.73,44.14,30260,19470,19470,93.22,939,5,0.8667,7613,11187,46.27,49.32680539,"27.716833891",86.28762542,9.8
"Miami University-Oxford",0.7979,12.59,33.24,38757,18161,41221,75.4,16656,16,0.9014,10834,11183,100,22.86336418,"20.83047619",54.1991342,4.7
"Mount Carmel College of Nursing",0.5385,32.7,65.22,21446,22080,22080,84.29,532,8,0.8077,8983,13038,84.62,39.408867,"24.50812065",89.32714617,5.83
"University of Mount Union",0.5865,27.82,76.44,49276,36600,36600,78.2,1995,15,0.7668,7830,11301,99.12,22.49240122,"19.56219865",45.32304725,4.56
"Mount Vernon Nazarene University",0.6811,30.29,50.15,49858,37158,37158,84.15,1358,13,0.7941,5687,7665,96.05,37.59398496,"24.208375894",64.453524,3.9
"Mount St. Joseph University",0.5633,30.31,54.3,46719,38150,38150,59.12,1129,12,0.6873,7744,11290,97.94,37.81388479,"22.770401107",56.70816044,6.02
"Muskingum University",0.5637,39.11,80.97,44658,32665,32665,81.84,1376,14,0.7346,7587,9506,100,35.65107459,"21.930177515",52.78106509,3.34
"Oberlin College",0.8089,9.64,31.02,87404,67366,67366,34.18,2887,9,0.91,11232,26123,79.16,8.86699507,"19.3584",55.68,9.18
"Ohio Dominican University",0.4102,36.91,56.6,47621,35720,35720,94.23,760,12,0.6396,8164,8272,92.19,37.91469194,"23.26783115",53.8573508,5.13
"Ohio Northern University",0.7548,20.6,54.59,53580,39800,39800,74.4,2489,13,0.8433,9306,14868,79.09,23.56756757,"20.040625",41.5625,4.34
"Ohio State University-Main Campus",0.8772,20.16,28.77,30305,13244,40022,60.57,45638,16,0.9423,14386,23612,62.72,26.22386537,"20.927827561",52.03439089,5.81
"Ohio University-Main Campus",0.6545,21.21,47.53,30586,14158,24838,84.99,19633,18,0.8389,9814,10470,74.94,33.86957545,"23.663749629",63.4900623,4.89
"Ohio Wesleyan University",0.5857,28.17,62.05,68424,53888,53888,55.6,1516,12,0.8474,8792,15050,57.99,21.50537634,"19.608321377",49.06743185,6.27
"Otterbein University",0.6788,30.63,53.14,48321,35548,35548,84.53,2157,12,0.7992,8630,11946,45.08,26.12440191,"20.276654412",59.375,5.42
"Professional Skills Institute",0.4348,72.64,86.07,27427,15884,15884,83.12,395,17,0.75,5683,6981,38.46,49.21700224,"28.561436673",89.22495274,3.54
"Franciscan University of Steubenville",0.7545,23.04,52.52,44580,34100,34100,58.36,2901,17,0.8748,6622,7038,100,10.91370558,"20.142857143",58.99014778,17.03
"Tiffin University",0.3987,31.47,50.13,48004,34790,34790,80.05,2051,22,0.7158,7387,4796,100,38.4279476,"23.251810137",51.00563154,0.54
"University of Toledo",0.5704,27.46,36.32,26512,12744,22104,92.02,9770,18,0.773,10195,15494,74.49,33.44627299,"21.438866275",52.52525253,6.93
"Ursuline College",0.6667,43.01,85.24,50523,38990,38990,74.93,670,8,0.7018,6612,7706,38.65,34.40233236,"24.392",93.6,2.39
"Walsh University",0.585,27.36,52.21,47575,35745,35745,70.74,1390,14,0.7237,5760,8346,100,34.18259023,"21.758163265",61.2244898,2.66
"Wilberforce University",0.1202,74.09,97.34,25676,16448,16448,40.5,822,12,0.7417,7300,5667,60.29,46.49681529,"23.397868561",56.30550622,0
"Wilmington College",0.4727,38.85,76.08,43431,32082,32082,92.4,1006,12,0.7203,6539,5718,55.93,35.07462687,"21.612215909",56.39204545,3.08
"Wittenberg University",0.5269,34.86,85.4,57799,45940,45940,72.35,1215,12,0.6345,7827,13725,75.36,23.56902357,"20.19893617",52.23404255,5.93
"The College of Wooster",0.7394,20.9,44.67,75656,61640,61640,59.53,1730,10,0.8208,8909,17263,82.78,14.33389545,"19.418032787",50.6557377,5.38
"Wright State University-Main Campus",0.4169,34.47,41.74,24373,11522,21222,96.33,6762,16,0.6793,10222,11536,56.79,35.12629475,"21.85390215",55.95056712,4.78
"Xavier University",0.6865,16.27,52.54,65476,50640,50640,86.41,4207,10,0.7747,9257,13013,57.82,16.03348358,"20.648297214",56.84210526,6.94
"Youngstown State University",0.5048,33.78,38.46,21708,11113,11473,84.45,7961,20,0.7573,8731,8188,90.32,38.43734881,"21.579777778",55.04444444,4.86
"Oklahoma Wesleyan University",0.3476,29.25,51.94,44743,33550,33550,66.17,673,15,0.5,5562,5716,27.27,40.82568807,"26.345661451",57.3257468,16.2
"University of Central Oklahoma",0.3676,36.49,33.17,26392,8818,19704,78.12,10170,18,0.6523,8207,10973,100,37.19072667,"22.905901116",61.42122984,15.53
"East Central University",0.3442,45,35.93,18459,8032,17842,58.15,2467,18,0.6061,5650,6556,100,46.41319943,"22.815598149",58.75743556,9.12
"Randall University",0.2639,37.37,27.76,26126,17714,17714,57.86,267,11,0.5625,3236,3755,27.78,40.20100503,"24.210084034",43.69747899,26.97
"Northeastern State University",0.3536,45.09,35.9,21551,7810,17290,99.59,4772,16,0.605,8084,11563,74.23,41.8079096,"24.979135168",61.83852434,8.78
"Northwestern Oklahoma State University",0.3035,41.42,37.24,18672,5970,11664,65.45,1498,15,0.6507,7182,8667,56.17,43.0952381,"23.652126499",60.63249727,14.75
"Oklahoma Christian University",0.5551,33.02,44.95,39106,27180,27180,96.54,1885,19,0.7252,6798,6440,20.3,17.84172662,"20.193905817",52.21606648,10.72
"Oklahoma State University-Main Campus",0.6817,27.99,37.16,28290,10234,25754,75.04,21773,19,0.8478,10704,10663,85.85,28.63196126,"21.458398744",52.57599543,10.41
"Oklahoma Baptist University",0.5237,17.39,23.14,48695,35570,35570,49.41,1308,16,0.7166,8621,10243,47.19,25.73696145,"20.096670247",57.14285714,3.52
"Oklahoma City University",0.6488,23.91,44.85,47247,35648,35648,77.02,1514,11,0.8391,7805,15051,57.92,26.79355783,"24.117808219",69.31506849,13.21
"University of Oklahoma-Norman Campus",0.7533,24.97,32.31,28872,9797,27377,76.6,22734,18,0.9,11610,14268,84.81,28.36890989,"22.291889415",55.73545135,14.7
"Oral Roberts University",0.5683,28.43,41.6,50004,35470,35470,98.9,3487,18,0.8049,7834,6864,39.57,30.9352518,"24.045634921",60.58201058,15.8
"University of Science and Arts of Oklahoma",0.4413,51.2,37.2,20662,9000,20190,65.82,941,13,0.663,6356,8206,49.52,43.17617866,"22.040268456",70.46979866,11.9
"Southeastern Oklahoma State University",0.3154,41.6,31.43,18594,7530,16740,76.43,3018,25,0.6343,7173,7498,100,44.46130501,"24.239446367",57.71626298,9.71
"University of Tulsa",0.7229,26.96,32.88,64459,50061,50061,61.51,2813,10,0.9211,12082,18075,70.55,22.84946237,"20.916344916",49.42084942,12.69
"Eastern Oregon University",0.43,34.75,37.1,26718,11076,25431,98.31,2172,14,0.7148,8548,7792,55.87,46.485623,"26.522085445",59.73931933,15.06
"George Fox University",0.7196,23.44,54.09,58644,42750,42750,93.51,2699,17,0.8344,8565,13166,34.49,27.56302521,"22.652242329",56.17623918,16.27
"Lewis & Clark College",0.7536,20.28,65.86,79987,64828,64828,78.49,2120,12,0.8881,10908,17689,97.17,17.3380035,"19.694256757",61.99324324,13.07
"Linfield University",0.7046,30.33,83.91,65935,50850,50850,85.17,1621,10,0.7971,7672,14007,100,30.32258065,"23.990541702",70.07738607,23.2
"Bushnell University",0.56,32.71,60.75,47143,35800,35800,67.28,517,12,0.759,6083,6850,100,34.76923077,"27.915254237",63.55932203,17.02
"Oregon Institute of Technology",0.5378,17.86,22.45,27524,13260,37196,95.02,2892,17,0.6898,8845,10507,93.94,39.46564885,"26.304408677",49.47515745,18.46
"Oregon State University",0.7011,22.77,32.55,31653,14400,38190,77.3,30743,18,0.8776,11437,12607,78.38,31.369606,"23.684235129",50.83557321,13.16
"University of Oregon",0.7169,21.35,29.29,34793,16137,44598,88.3,20497,19,0.864,12404,15863,71.45,28.44585749,"21.175438596",58.1754386,16.81
"Pacific Northwest College of Art",0.2913,40.53,52.18,70376,49006,49006,74.85,420,9,0.6949,8311,16928,19.05,17.96407186,"21.957219251",73.26203209,17.62
"Pacific University",0.6698,27.77,80.53,72374,56374,56374,89.56,1516,10,0.7945,9129,12774,68.48,28.57142857,"21.542046606",60.58763931,19.99
"Portland State University",0.5266,41.65,32.27,21590,11679,31074,90.87,13182,17,0.7611,11893,13280,56.79,39.1093011,"25.953321576",58.23633157,23.21
"University of Portland",0.7984,22.1,38.62,73224,58100,58100,89.17,2957,9,0.8832,10167,19056,58.91,17.92792793,"20.026041667",62.76041667,21.34
"Southern Oregon University",0.4253,24.86,28.14,27636,12762,31887,88.62,2751,23,0.6785,9721,10493,56.03,40.37692747,"24.490536278",61.93480547,13.96
"Warner Pacific University",0.4918,47.86,66.04,38948,22220,22220,71.14,375,14,0.9167,6822,7444,100,46.58869396,"28.621848739",68.40336134,31.47
"Corban University",0.6059,24.97,34.46,52019,40280,40280,93.9,678,17,0.777,6449,5172,43.43,22.52427184,"20.529739777",62.4535316,15.93
"Willamette University",0.7124,23.55,39.34,67501,51156,51156,77.09,1592,13,0.8651,11083,15686,68.97,19.2,"19.50229709",56.96784074,14.89
"Western Oregon University",0.4712,41.13,73.8,25062,11879,32534,98.1,3103,13,0.7274,7388,9229,74.05,41.93877551,"22.3541013",62.97624384,27.2
"Bryn Athyn College of the New Church",0.6774,40.29,65.57,41093,28917,28917,82.94,244,8,0.7333,7653,15919,66.67,33.81294964,"20.267973856",52.2875817,8.2
"Albright College",0.507,50.04,73.5,43711,29082,29082,76.33,1217,11,0.6167,6685,13903,65.69,36.05263158,"22.133385951",62.58879242,21.61
"Allegheny College",0.7255,28.49,56.33,71348,56550,56550,54.57,1156,8,0.7794,8582,17999,78.53,22.13333333,"19.510506799",52.90482077,6.92
"DeSales University",0.722,23.78,63.84,62745,46800,46800,77.09,2128,12,0.8303,8905,11727,40.88,29.54747116,"23.333877551",65.71428571,16.21
"Alvernia University",0.5553,36.24,82.54,57565,45000,45000,58.06,2152,14,0.7198,8028,8245,100,45.00458295,"24.968006563",71.12387203,17.05
"Arcadia University",0.6674,28.31,61.48,64645,49610,49610,80.22,1948,10,0.788,8854,10749,36.62,30.67010309,"20.176423416",68.40417001,11.7
"Bryn Mawr College",0.8179,14.75,49.3,83250,65920,65920,29.43,1359,8,0.9224,12083,26652,81.78,15.15892421,"20.146511628",94.88372093,9.12
"Bucknell University",0.8632,12.38,34.66,83756,67812,67812,28.93,3876,9,0.9368,13254,24614,97.11,12.00607903,"19.535871157",51.83016105,9.03
"Carlow University",0.5992,43.01,69.27,49327,35874,35874,86.95,1348,12,0.8443,7520,10746,100,36.83574879,"24.440217391",84.67391304,4.67
"Carnegie Mellon University",0.9413,16.04,33.57,83654,66246,66246,11.66,7304,5,0.98,13972,41024,92.47,9.95024876,"19.340872375",47.25363489,9.98
"Cedar Crest College",0.6039,43.57,70.32,57206,46314,46314,84.07,834,9,0.7097,7285,11600,47.8,43.3681073,"25.130952381",95.5026455,17.75
"Central Penn College",0.5091,49.01,65.76,27116,19854,19854,18.46,662,7,0.6471,5380,8554,40,50.58823529,"27.00462963",63.42592593,9.52
"Chatham University",0.6306,21.83,52.89,61261,44626,44626,61.96,1232,10,0.7781,8160,13358,100,29.69348659,"22.759717314",75.08833922,5.76
"Chestnut Hill College",0.4878,52.08,78.45,58168,39870,39870,74.46,815,10,0.6243,5821,9714,33.14,44.40104167,"26.692222222",67.11111111,13.37
"Delaware Valley University",0.5591,29.9,74.53,59933,44850,44850,93.21,1628,14,0.6928,9069,9499,42.42,36.32850242,"20.826282628",53.55535554,11.67
"Dickinson College",0.7978,12.75,38.52,82902,65650,65650,42.09,2273,11,0.9198,10034,19764,81.07,12.19512195,"19.378912685",57.16639209,7.61
"Drexel University",0.7816,26.76,49.32,76835,62412,62412,79.44,13233,9,0.8951,12380,22377,57.65,29.22854785,"23.296253823",56.80428135,9.1
"Duquesne University",0.7749,20.24,67.43,67776,48986,48986,83.56,5350,12,0.8415,10204,16449,48.07,17.29686243,"20.38446677",64.25811437,5.68
"East Stroudsburg University of Pennsylvania",0.4312,41.49,57.08,27917,11536,19502,92.05,4814,21,0.7213,10957,8277,74.52,39.54457986,"21.185804962",57.18407386,18.92
"Eastern University",0.54,41.92,57.25,55001,38400,38400,90.77,2404,21,0.6547,5855,4064,26.71,36.49155722,"25.102811245",70.68273092,17.26
"Elizabethtown College",0.7617,20.84,65.11,50865,37950,37950,77.87,1868,13,0.8372,9109,12151,47.6,29.95689655,"22.640816327",63.57142857,6.53
"Franklin and Marshall College",0.8377,15.8,44.48,85776,70794,70794,28.19,1799,9,0.9024,11293,20636,78.73,19.48275862,"19.356097561",56.58536585,9.17
"Gannon University",0.6636,23.84,64.45,52869,40656,40656,74.16,2365,11,0.7617,8733,10356,44.62,26.06679035,"20.360627178",62.36933798,5.5
"Gettysburg College",0.8253,20.99,47.69,81960,66640,66640,38.9,2099,10,0.9121,10433,15097,80.89,13.72282609,"19.346858639",53.53403141,10.91
"Gwynedd Mercy University",0.5688,24.91,54.84,55786,40122,40122,89.63,1067,12,0.7752,7592,9202,30.63,43.71584699,"25.137207425",77.64326069,6.28
"Haverford College",0.8964,15.45,9.13,90382,70688,70688,12.37,1430,8,0.9383,11785,29284,86.34,16.2055336,"19.31835206",47.19101124,11.47
"Holy Family University",0.6091,41.05,69.58,40539,35330,35330,71.04,2464,14,0.7773,7978,8979,22.02,46.30390144,"22.955963303",75.87155963,17.09
"Immaculata University",0.7104,22.83,50.29,43979,29330,29330,85.76,1320,11,0.8303,4852,6267,100,35.0877193,"25.774891775",75.18037518,13.64
"Indiana University of Pennsylvania-Main Campus",0.5551,36.83,58.99,26898,11380,16297,90.77,6764,23,0.7534,11877,10440,83.51,32.25602028,"20.253379683",58.09192739,5.17
"Juniata College",0.735,29.04,67,71850,58580,58580,78.91,1191,11,0.8333,9004,14358,76.56,19.96434938,"19.523890785",56.99658703,8.9
"Keystone College",0.3587,41.78,85.25,32071,18300,18300,84.8,771,12,0.5723,5423,7039,30.65,47.72393539,"21.785620915",59.47712418,6.1
"King's College",0.5989,30.38,74.47,57973,44100,44100,93.11,1484,13,0.757,8851,12208,59.07,29.35779817,"19.949038462",50.28846154,14.62
"Kutztown University of Pennsylvania",0.5382,32.66,62.66,29866,11314,16068,90.75,6180,20,0.7779,11035,10174,83.37,34.66419884,"20.518536585",54.07317073,13.82
"La Roche University",0.5721,10.09,18.57,47111,34052,34052,75.76,751,11,0.6882,7208,6881,34.93,35.69131833,"22.210287443",63.38880484,5.33
"La Salle University",0.5712,35.05,42.76,48337,37800,37800,96.59,1953,12,0.739,9355,10414,43.57,36.97585769,"21.867671692",63.65159129,20.43
"Lafayette College",0.8759,11.65,19.61,83133,65398,65398,31.45,2757,10,0.8967,12663,25883,86.61,14.84018265,"19.324034335",57.93991416,9.87
"Lancaster Bible College",0.6667,35.49,49.1,44066,29990,29990,55.89,1569,19,0.7939,5811,6507,12.59,35.49668874,"29.183411215",50.93457944,1.47
"Lebanon Valley College",0.6496,24.85,69.06,66497,52080,52080,83.77,1684,11,0.8298,8422,12519,45.58,27.60814249,"19.785628743",54.37125749,6.59
"Lehigh University",0.8791,17.71,36.57,80856,64980,64980,25.93,5898,10,0.937,15219,24840,84.75,16.87657431,"20.058823529",44.75357711,11.05
"Lincoln University",0.4355,68.67,79.03,28505,12512,19384,65.72,1539,12,0.7341,9580,9815,100,38.62134089,"21.646828504",61.47220047,5.72
"Lycoming College",0.5963,38.01,71.07,64105,50029,50029,74.07,996,10,0.7611,8261,15750,82.76,36.59359191,"19.665109034",48.13084112,13.05
"Manor College",0.2574,51.99,59.97,27557,21780,21780,94.86,443,12,0.5588,5606,5401,24.68,50.32822757,"23.112338858",71.08655617,17.61
"Marywood University",0.7165,31.96,80.9,55582,41420,41420,60.58,1784,11,0.7981,7773,9607,35.61,29.49640288,"21.507918552",72.62443439,13
"Mercyhurst University",0.6017,31.33,64.7,59557,45770,45770,81.02,2191,14,0.7979,7193,9031,60,28.66626433,"22.115982242",56.77025527,5.57
"Messiah University",0.7496,19.64,54.14,55875,42240,42240,78.97,2259,12,0.8857,9179,10324,46.72,18.173258,"19.80348944",63.36088154,9.43
"Millersville University of Pennsylvania",0.5763,27.31,51.26,26913,11128,22952,86.19,5728,19,0.7711,11531,10132,66.27,34.72617917,"21.563907575",56.8294823,10.86
"Misericordia University",0.7171,27.19,74.25,53648,40370,40370,70.93,1672,11,0.7764,8504,11838,100,29.94071146,"22.538390379",65.12488437,8.37
"Moravian University",0.7169,31.9,74.93,65601,53500,53500,54.17,1949,10,0.7917,8295,14586,100,29.21236291,"20.543071161",59.36329588,17.5
"Mount Aloysius College",0.5691,15.43,31.1,40435,27072,27072,82.05,1094,11,0.5612,7396,6920,41.89,42.04851752,"22.239949749",74.87437186,0
"Muhlenberg College",0.8223,21.2,52.74,77270,62805,62805,71.99,1727,9,0.8993,9647,20619,53.23,15.76704545,"20.908469945",58.19672131,12.85
"Neumann University",0.5368,42.77,70.32,57180,39100,39100,81.28,1533,13,0.7209,7550,7816,38.28,42.75582573,"23.383710407",66.33484163,8.41
"Pennsylvania State University-Penn State Erie-Behrend College",0.4363,28.89,55.46,34081,15972,26958,96.83,3240,12,0.8325,10333,4725,78.46,28.75652533,"21.841705198",50.12260053,5.12
"Pennsylvania State University-Penn State New Kensington",0.2761,31.8,48.03,26863,14408,24134,95.29,416,9,0.8544,9403,6101,65.45,28.75652533,"21.841705198",50.12260053,8.17
"Pennsylvania State University-Penn State Shenango",0.4194,39.16,43.98,26821,14024,23560,92.2,256,7,0.6579,9036,6344,53.19,28.75652533,"21.841705198",50.12260053,5.08
"Pennsylvania State University-Penn State Wilkes-Barre",0.2273,39.37,54.31,25994,14280,24006,96.99,313,10,0.8072,9188,5378,69.23,28.75652533,"21.841705198",50.12260053,8.95
"Pennsylvania State University-Penn State Scranton",0.3929,41.82,56.63,27862,15208,25392,98.52,793,11,0.7931,9774,3561,58.51,28.75652533,"21.841705198",50.12260053,10.97
"Pennsylvania State University-Penn State Lehigh Valley",0.1783,35.01,43.19,28109,15208,25392,97.37,859,14,0.8339,8550,2942,55,28.75652533,"21.841705198",50.12260053,21.3
"Pennsylvania State University-Penn State Altoona",0.165,29.37,53.66,32559,15972,26958,98.06,2367,13,0.7952,9491,3624,76.89,28.75652533,"21.841705198",50.12260053,9.51
"Pennsylvania State University-Penn State Beaver",0.2174,31.94,54.76,26210,14408,24134,95.65,482,12,0.7561,9688,4378,55.56,28.75652533,"21.841705198",50.12260053,6.85
"Pennsylvania State University-Penn State Berks",0.3152,28.76,51.8,32242,15972,26958,98.67,1872,13,0.7675,10158,3318,70.06,28.75652533,"21.841705198",50.12260053,15.49
"Pennsylvania State University-Penn State Harrisburg",0.2612,26.13,41.47,32521,15972,26958,97.6,4031,15,0.8212,11107,3651,59.79,28.75652533,"21.841705198",50.12260053,9.6
"Pennsylvania State University-Penn State Brandywine",0.2598,33.69,49.06,31088,15208,25392,98.11,1223,15,0.7262,9857,3078,56.25,28.75652533,"21.841705198",50.12260053,11.04
"Pennsylvania State University-Penn State DuBois",0.3381,29.46,50.99,28530,14408,24134,97.12,349,9,0.8636,9056,6092,77.27,28.75652533,"21.841705198",50.12260053,3.72
"Pennsylvania State University-Penn State Fayette- Eberly",0.3862,38.66,58.23,25154,14408,24134,95.47,402,9,0.7778,9599,5538,70.37,28.75652533,"21.841705198",50.12260053,2.24
"Pennsylvania State University-Penn State Hazleton",0.2615,42.75,59.8,29677,15208,25392,96.41,501,12,0.7514,9943,4953,67.92,28.75652533,"21.841705198",50.12260053,24.95
"Pennsylvania State University-Main Campus",0.8609,13.88,39.91,39694,20644,41790,60.56,42284,16,0.9264,13120,15699,86.48,28.75652533,"21.841705198",50.12260053,9.33
"Pennsylvania State University-Penn State Greater Allegheny",0.1897,41.27,59.56,26214,14408,24134,96.47,349,9,0.7788,10177,6757,67.35,28.75652533,"21.841705198",50.12260053,6.88
"Pennsylvania State University-Penn State Mont Alto",0.3365,26.75,50.77,28841,14408,24134,98.21,559,10,0.8286,9579,4815,62.16,28.75652533,"21.841705198",50.12260053,7.51
"Pennsylvania State University-Penn State Abington",0.1975,38.77,46.43,28795,15268,25664,96.77,2877,14,0.7723,9204,2874,54.24,28.75652533,"21.841705198",50.12260053,12.79
"Pennsylvania State University-Penn State Schuylkill",0.3188,40.46,62.15,30065,15208,25392,96.64,620,14,0.7823,8985,4334,80.39,28.75652533,"21.841705198",50.12260053,13.39
"Pennsylvania State University-Penn State York",0.1627,30.2,48.72,27826,15208,25392,97.41,668,14,0.7684,10236,4532,55.38,28.75652533,"21.841705198",50.12260053,11.53
"University of Pennsylvania",0.9654,16.53,9.72,89028,68686,68686,5.4,10650,8,0.9888,22117,67953,78.65,18.76351059,"22.553226469",57.21331689,11.34
"Cairn University-Langhorne",0.5968,32.05,53.1,46233,34009,34009,88.17,775,11,0.7662,6206,6370,36.15,29.5890411,"22.691326531",48.97959184,3.48
"University of Pittsburgh-Bradford",0.4761,47.06,61.52,30478,14770,26644,88.54,995,12,0.6557,9088,11392,79.79,20.96720027,"20.4141339",52.9968119,8.34
"University of Pittsburgh-Greensburg",0.397,37.71,56.56,30141,14710,26584,95.21,1305,14,0.6907,8269,8456,63.33,20.96720027,"20.4141339",52.9968119,5.13
"University of Pittsburgh-Johnstown",0.5582,32.37,57.53,30349,14906,26780,94.84,1808,14,0.7511,8540,11380,82,20.96720027,"20.4141339",52.9968119,4.26
"University of Pittsburgh-Pittsburgh Campus",0.855,13.98,36.1,38105,21926,41430,58.08,20370,13,0.9199,12140,21712,80.67,20.96720027,"20.4141339",52.9968119,6.84
"Point Park University",0.5854,38.7,73.82,52643,39570,39570,96.91,2331,12,0.7394,9211,11481,30.66,29.2798111,"23.154175589",63.0620985,9.4
"Walnut Hill College",0.5763,31.5,56.69,35504,29499,29499,42.72,175,20,0.8571,6197,21729,68.97,43.46405229,"22.327635328",56.98005698,10.29
"Robert Morris University",0.6569,23.3,41.36,51621,35970,35970,89.89,2896,14,0.832,13576,9132,100,30.01745201,"21.22558014",48.67781975,3.63
"Rosemont College",0.5714,44.89,70.98,38498,23845,23845,76.34,486,12,0.8202,6270,8506,19.85,37.46556474,"21.934782609",63.76811594,7
"Saint Francis University",0.7439,17.7,37.13,59815,44000,44000,76.82,1557,16,0.8302,7645,10246,100,25.71428571,"21.678803641",64.4993498,2.83
"Saint Joseph's University - Philadelphia",0.7884,19.8,56.23,67954,53260,53260,88.83,4948,11,0.8868,11284,11891,100,17.51018034,"21.086859688",59.29844098,9.28
"Saint Vincent College",0.6859,26.72,81.56,56752,42396,42396,61.73,1259,11,0.8225,8302,13359,100,26.79355783,"19.724420191",44.8840382,5.16
"University of Scranton",0.7979,24.06,63.86,69552,53983,53983,81.23,3554,11,0.8538,11510,14866,68.67,20.34722222,"19.699667774",56.61129568,13.17
"Seton Hill University",0.6736,31.27,70.71,56183,42944,42944,79.53,1492,13,0.8088,8143,10140,93.22,24.2506812,"20.848407643",65.73248408,4.16
"Shippensburg University of Pennsylvania",0.557,29.77,58.15,30785,13720,15974,86.5,4086,18,0.7681,12033,11381,80.66,33.53272343,"20.237375362",52.71791573,7.83
"Slippery Rock University of Pennsylvania",0.6557,30.52,60.53,25537,10568,14676,71.47,6788,20,0.8401,11014,9095,86.97,29.45736434,"20.646480744",56.97211155,3.51
"Susquehanna University",0.8174,24.9,65.91,75410,59850,59850,81.43,2163,13,0.8633,9249,12425,63.64,21.58979392,"19.456744186",56.37209302,6.61
"Swarthmore College",0.9227,19.48,10.64,84103,65494,65494,7.46,1613,7,0.9398,14961,46961,93.66,26.87747036,"19.334532374",54.67625899,15.5
"Temple University",0.7505,31.97,53.32,40903,23011,38958,80.41,20970,12,0.8261,12479,18465,56.57,29.59157015,"21.358519229",55.0251859,10.86
"Thiel College",0.4873,40.78,78.75,53202,38344,38344,71.55,788,12,0.7327,7413,9821,67.44,31.55555556,"19.976095618",36.05577689,3.68
"Thomas Jefferson University",0.6857,37.47,86.09,64197,47505,47505,80.97,3755,12,0.8246,10627,32364,39.88,32.97985154,"24.206666667",77.42857143,14.11
"Ursinus College",0.7328,20.11,65.42,76815,61210,61210,91.77,1491,10,0.8691,9216,15033,80.43,18.84550085,"19.455737705",53.27868852,8.05
"University of Valley Forge",0.4904,47.39,71.89,45422,25240,25240,61.2,471,12,0.7849,5928,8098,30.38,33.33333333,"24.007722008",55.40540541,26.75
"Villanova University",0.9186,12.02,34.99,84793,67776,67776,26.98,6938,10,0.9506,13825,21398,63.12,12.57420399,"20.663366337",57.94684732,11.34
"Washington & Jefferson College",0.6952,31.15,69.28,42972,29392,29392,80.64,1295,11,0.8121,8324,17584,100,21.60493827,"19.401438849",51.07913669,5.87
"Waynesburg University",0.6554,38.16,73.13,44397,30480,30480,89.82,1009,12,0.7164,6739,12470,41.06,26.35327635,"20.481723238",56.91906005,5.35
"West Chester University of Pennsylvania",0.7051,25.4,54.36,28394,10775,22599,78.4,14164,20,0.8311,11216,8968,71.79,28.13085705,"21.349310676",60.78871433,8.18
"Westminster College",0.6455,26.82,66.96,53003,40290,40290,92.56,1041,12,0.8097,7574,10159,60.8,25.53571429,"19.558677686",49.25619835,5.38
"Widener University",0.6832,32.8,71.65,70621,55730,55730,70.93,2951,11,0.7836,8979,14606,39.46,30.03778338,"21.449112426",60.59171598,9.66
"Wilkes University",0.6317,34.46,72.49,56765,43496,43496,90.64,1985,13,0.7157,9848,11892,39.49,34.61237275,"21.204793028",53.5221496,11.64
"Wilson College",0.4815,23.47,67.46,39344,27100,27100,92.11,865,15,0.7447,7205,6026,100,43,"24.345707657",79.11832947,10.06
"York College of Pennsylvania",0.641,28.08,58.13,37319,25588,25588,73.74,3265,15,0.7821,9539,12340,41.82,30.32258065,"20.350857775",55.22966242,11.09
"Brown University",0.9569,13.84,9.59,87648,71412,71412,5.39,7226,6,0.9882,17839,42520,92.43,17.04035874,"19.463917526",54.03780069,12.12
"Bryant University",0.7975,12.53,51.51,69964,52677,52677,65.46,3194,13,0.8691,14681,10480,56.48,16.0667252,"19.634125637",39.77947413,9.39
"Johnson & Wales University-Providence",0.5541,30.04,71.71,60314,42419,42419,88.41,3868,14,0.8199,10624,13658,100,34.64140731,"21.04166162",63.53397118,16.99
"New England Institute of Technology",0.5954,43.34,71.2,48543,37275,37275,66.73,1718,11,0.74,7564,17493,100,41.41132776,"24.746518106",36.56983685,14.61
"Providence College",0.8582,13.43,57.05,80466,63550,63550,50.89,4229,11,0.9395,12190,17553,72.34,14.64401294,"20.063862928",57.71028037,8.82
"Rhode Island College",0.4813,42.05,47.06,17454,11300,27299,91.82,5049,15,0.7334,11523,10795,100,44.70872113,"22.427894581",68.5519692,28.38
"University of Rhode Island",0.7331,21.76,49.17,34321,16942,37146,72.16,13381,17,0.8362,11089,10555,69.41,26.32854745,"20.770941953",59.47167188,12.35
"Rhode Island School of Design",0.8877,14.82,28.59,81727,62688,62688,18.66,2084,8,0.9504,11226,21446,38.91,10.55155875,"19.885514019",66.12149533,8.11
"Roger Williams University",0.6865,16.4,55.6,61950,44418,44418,87.71,3946,10,0.8109,13293,17170,42.27,19.65909091,"20.546386192",58.68392665,11.58
"Salve Regina University",0.7688,15.07,70.24,70630,50100,50100,68.17,2121,12,0.8279,9135,10870,95,18.58500528,"19.730417091",71.41403866,11.13
"Allen University",0.1331,76.54,80.16,23998,14304,14304,72.54,576,12,0.4497,5502,4373,49.37,50.65616798,"21.097727273",50,4.17
"Anderson University",0.6568,20.77,41.99,50192,34970,34970,54.71,3183,13,0.8186,7635,8526,99.53,25.34562212,"22.545588235",69.55882353,5.59
"Charleston Southern University",0.4724,34.49,48.46,44558,32520,32520,96.46,2893,12,0.6314,6523,9047,58.33,30.71816536,"22.16751269",62.88776086,8.78
"Benedict College",0.2426,62.34,63.34,32000,17440,17440,95.7,1536,13,0.5732,6890,5465,73.33,40.78762307,"20.529620853",45.55687204,2.73
"Southern Wesleyan University",0.5236,43.07,78.24,39914,29800,29800,99.53,747,10,0.6899,5744,6423,100,39.14956012,"26.280160858",63.13672922,8.57
"College of Charleston",0.6583,18.83,38.04,32362,12978,38296,60.03,10558,16,0.8196,10384,10229,64.58,20.06198929,"20.903627504",65.78234976,7.71
"Citadel Military College of South Carolina",0.75,19.8,36.49,33880,12570,38508,22.72,2705,11,0.8578,10071,10016,69.81,18.81881882,"21.7086915",11.84336199,9.69
"Claflin University",0.516,73.49,73.55,33530,18282,18282,64.93,1706,13,0.7549,7329,10302,71.95,32.35867446,"21.43452381",67.00680272,0.76
"Clemson University",0.8656,14.75,31.16,35015,15554,40866,38.34,23300,16,0.9347,12153,14641,87.64,17.24543849,"20.472703063",50.37093399,9.1
"Coker University",0.3953,25.7,42.12,45805,33416,33416,93.96,840,12,0.6941,5977,6216,41.56,37.61609907,"24.031811895",56.84647303,0.48
"Columbia International University",0.4679,34.17,45.85,43045,27900,27900,94.47,716,13,0.5327,6410,5595,96.36,24.13793103,"22.479674797",55.28455285,0.28
"Columbia College",0.3688,53.98,65.25,35258,22214,22214,93.93,1343,12,0.6042,5937,7242,33.7,41.39037433,"29.220918866",72.53176931,10.05
"Erskine College",0.4518,46.8,75.37,55248,36710,36710,62.74,766,15,0.5578,5645,6597,100,22.25352113,"19.774278215",44.61942257,5.74
"Francis Marion University",0.4339,37.62,38.48,23850,11160,21544,86.39,2628,13,0.7002,8506,13853,68.09,36.26782393,"21.189295775",68.56338028,6.51
"Furman University",0.7876,13.19,27.8,76798,59770,59770,42.95,2379,10,0.9061,10399,25690,83.59,12.37785016,"20.020667727",58.50556439,7.19
"Lander University",0.4977,38.73,48.71,27277,11700,21300,81.31,3397,18,0.6961,7527,6195,54.32,31.7092034,"20.109598854",71.27507163,2.09
"Limestone University",0.3533,43.43,67.58,40671,27800,27800,97.26,1482,11,0.6409,6296,6932,100,42.9598562,"27.422281167",56.12732095,11.88
"Newberry College",0.4514,48.7,73.12,46442,31100,31100,89.79,1479,15,0.6925,7467,8029,100,31.31313131,"20.335949765",44.89795918,1.83
"North Greenville University",0.5453,33.35,49.46,42034,25800,25800,66.67,1819,13,0.7249,6276,8393,67.11,26.7,"21.826959847",46.36711281,5.5
"Presbyterian College",0.5146,33.33,50.5,60242,44910,44910,68.37,852,11,0.7955,8263,13172,98.94,19.75609756,"19.579196217",48.93617021,9.98
"University of South Carolina Aiken",0.3985,39.24,43.41,21540,10760,21218,78.54,2962,16,0.6678,8537,10925,60.95,32.70967742,"21.887559809",65.61004785,9.72
"University of South Carolina Beaufort",0.3399,40.11,48.62,24353,10730,21776,72.5,2052,15,0.6126,8392,9434,52.72,30.95843936,"22.129310345",70.92476489,13.11
"University of South Carolina-Columbia",0.7882,19.11,41.12,31638,12688,35972,60.15,29820,19,0.922,12414,14139,75.09,19.53144894,"20.521455797",55.60063937,6.77
"Coastal Carolina University",0.4846,26.24,56.7,26692,11640,29628,75.27,10377,17,0.7743,9103,8741,100,26.56186198,"20.580092414",53.46553716,7.01
"South Carolina State University",0.3663,70.49,67.2,30015,11060,21750,82.62,2934,19,0.5646,8174,8130,100,35.93109106,"20.318411552",49.02527076,0.1
"University of South Carolina-Upstate",0.4304,46.19,49.3,25124,11588,23090,67.26,4038,15,0.6985,8412,10088,55.5,35.13888889,"23.230151077",68.46673095,8.69
"Winthrop University",0.5698,40.96,54.32,30710,14678,28676,79.25,3523,13,0.7361,8923,9121,63.95,28.21100917,"20.643192488",68.54460094,9.03
"Augustana University",0.7297,17.8,51.68,55159,40160,40160,67.75,1965,12,0.8612,6324,18775,59.93,14.48275862,"20.236065574",65.24590164,4.73
"Black Hills State University",0.4263,20.01,27.6,21277,8764,11866,96.33,1928,17,0.7165,8430,6388,66.08,28.39673913,"22.829174664",62.18809981,5.24
"Dakota State University",0.513,16.81,33.97,25753,9654,12756,88.05,2071,18,0.7546,9954,8768,75.16,27.55102041,"23.882099828",38.29604131,4.54
"Dakota Wesleyan University",0.4832,27.12,72.75,43864,33790,33790,73.38,670,12,0.7514,6962,7028,52.22,28.94168467,"22.506097561",57.5203252,7.01
"Mount Marty University",0.5238,22.35,41.06,48247,34600,34600,42.57,697,12,0.6759,7411,8163,31.3,32.02846975,"22.537459283",68.40390879,9.61
"Northern State University",0.4894,12.45,22.14,22077,8845,11947,93,1273,19,0.7698,8949,9584,94.53,30.69164265,"21.594666667",60.53333333,5.5
"South Dakota School of Mines and Technology",0.5295,16.87,40.37,25385,10500,14900,79.87,2071,12,0.8409,11245,13495,88.04,18.31357049,"20.625634518",22.46192893,5.7
"South Dakota State University",0.6235,16.82,42.61,24636,9299,12809,98.34,9198,17,0.8381,10231,10257,80.65,20.19482062,"20.884015374",55.59574949,2.99
"University of Sioux Falls",0.6291,28.84,67.01,34274,21750,21750,82.89,1218,18,0.745,7056,6358,100,24.71590909,"22.289719626",64.08544726,6.9
"University of South Dakota",0.5991,18.66,40.38,24422,9432,12942,98.78,5439,16,0.7934,9264,11862,65.22,24.25454545,"21.652853261",63.41711957,5.81
"Austin Peay State University",0.4024,43.5,34.05,22233,9006,14766,96.41,7560,14,0.6997,9044,9781,100,39.5009936,"23.378538903",59.90892892,12.12
"Baptist Health Sciences University",0.398,45.43,69.03,22227,13796,13796,82.02,770,6,0.5263,10403,22319,100,42.85714286,"26.654761905",92.00680272,6.1
"Belmont University",0.7066,20.75,34.28,62570,42540,42540,95.28,7137,12,0.8694,10550,13651,64.43,15.84582441,"20.476534296",65.39453326,10.54
"Bethel University",0.3505,31.7,38.21,31203,18712,18712,60.23,1547,15,0.5392,3147,5542,100,51.21749897,"30.239382239",58.37135837,6.53
"Carson-Newman University",0.5324,33.37,45.54,49024,34700,34700,90.45,1387,12,0.7417,6387,6602,52.03,34.66092573,"20.587817259",56.14213198,5.7
"Christian Brothers University",0.5471,30.98,29.07,48038,38420,38420,86.7,905,9,0.7487,8036,9137,100,35.87921847,"23.944099379",58.54037267,23.09
"Cumberland University",0.4559,30.28,19.12,43358,27840,27840,67.33,2104,19,0.5947,6114,3595,33.13,40.82191781,"23.58703939",57.94155019,9.51
"Lipscomb University",0.7216,24.1,29.42,55117,40572,40572,67.73,2997,13,0.8357,8832,12062,49.75,23.57032457,"23.938001459",64.69730124,13.48
"East Tennessee State University",0.5321,34.83,33.67,27042,10472,14522,86.19,10004,15,0.7572,8574,15541,67.69,37.68948094,"22.238075048",58.34216663,4.52
"Fisk University",0.2993,51.79,52.84,39450,25858,25858,37.42,1035,12,0.7381,6116,7547,52.38,26.57807309,"19.860119048",74.10714286,0.77
"Freed-Hardeman University",0.7078,18.02,34.47,38315,25620,25620,59.68,1212,10,0.8587,7300,8648,100,18.5046729,"20.96779661",62.37288136,0.17
"Johnson University",0.5677,38.7,55.23,34244,21122,21122,65.11,743,12,0.6941,6075,10567,100,25.45454545,"22.166347992",43.21223709,6.73
"King University",0.4787,41.64,55.2,49004,36194,36194,99.72,908,11,0.6012,5235,7149,59.05,51.0805501,"29.816656681",66.62672259,5.07
"Le Moyne-Owen College",0.2703,67.34,53.87,19001,12076,12076,99.23,581,10,0.4724,5132,6090,47.31,48.76847291,"23.534818942",64.48467967,1.38
"Lee University",0.6259,28.74,41.96,35688,23790,23790,70.52,2617,13,0.8227,7655,8868,84.04,31.21897408,"23.27933541",58.98234683,1.99
"Lincoln Memorial University",0.4966,37.13,49.53,41530,26938,26938,62.59,1572,10,0.7167,7938,12706,58.71,41.48606811,"24.328871893",74.76099426,5.09
"The University of Tennessee Southern",0.369,36.26,26.85,24750,10924,10924,86.71,864,14,0.7717,6695,6412,100,41.02564103,"21.190635452",63.21070234,5.9
"Maryville College",0.5,37.74,57.97,54622,39284,39284,60.92,1005,12,0.7129,6851,9364,100,32.06951027,"20.617777778",50.51851852,8.56
"University of Memphis",0.5089,41.22,37.89,25169,10728,15384,72.03,12701,16,0.7738,9632,9356,72.76,36.75599875,"22.76978517",60.19404019,12.16
"Middle Tennessee State University",0.537,31.77,28,24289,10266,31574,69.09,16301,17,0.7952,9739,12353,81.14,36.43763797,"22.357582611",58.08518658,10.65
"Rhodes College",0.8453,15.93,50.74,71136,57110,57110,50.35,1836,9,0.9232,9481,16723,85.02,12.77890467,"19.371769384",54.27435388,7.46
"The University of the South",0.7979,15.85,33.56,71986,56120,56120,56.9,1607,9,0.8886,10158,22548,88.7,13.23529412,"19.5",57.58293839,5.48
"Southern Adventist University",0.4939,30.63,41.99,38618,27300,27300,65.5,2773,19,0.8281,6732,11547,100,18.18181818,"21.22980063",59.2864638,25.96
"Tennessee Wesleyan University",0.4759,39.21,52.16,39440,30814,30814,68.85,846,12,0.7202,5870,7980,100,41.46788991,"23.582623509",62.01022147,6.5
"The University of Tennessee-Chattanooga",0.5024,32.8,37.13,25489,10448,18512,81.09,10074,18,0.7252,10181,10232,70.35,29.33333333,"21.792578029",58.09781273,6.72
"The University of Tennessee-Knoxville",0.7392,18.89,28.89,33678,13812,33256,41.6,30418,18,0.919,12968,13098,83.41,24.5407184,"20.767184035",53.01943394,6.72
"The University of Tennessee-Martin",0.5254,34.42,30.73,23079,10560,16600,88.2,4866,16,0.7696,8367,11509,68.08,39.10690122,"22.688343558",61.75869121,4.64
"Tennessee State University",0.3399,51.13,46.31,25637,8616,22416,70.11,4848,13,0.335,8732,9652,77.25,37.42838956,"22.246760408",66.11524676,3.05
"Tennessee Technological University",0.5767,30.9,33.48,25663,11376,15576,76.13,8698,16,0.7816,9427,10861,76.01,37.55700326,"21.568092205",50.07582651,6.02
"Trevecca Nazarene University",0.5315,32.29,39.31,41548,31300,31300,69.44,1737,20,0.736,7392,8282,94.04,39.16382253,"28.229407236",67.5904542,14.39
"Tusculum University",0.2545,46.37,53.14,43776,29250,29250,72.17,785,18,0.6286,5085,5834,60.24,45.38011696,"23.934968017",50.21321962,5.48
"Union University",0.6596,24.54,42.41,58363,40025,40025,60.41,1607,9,0.89,8181,14464,98.92,32.52375924,"26.937137331",71.27659574,2.99
"Vanderbilt University",0.9354,20.22,9.56,89590,67498,67498,5.86,7208,8,0.9634,16361,34184,84.73,12.22570533,"19.591365462",52.81124498,11.36
"Abilene Christian University",0.5901,22.33,39.9,59256,44200,44200,66.03,3195,13,0.8051,8928,10340,65.13,24.45229682,"19.877770316",61.18200134,18.87
"Angelo State University",0.4397,27.64,23.4,23441,8460,18300,83.01,5643,19,0.6864,8211,7880,81.27,40.3975994,"21.054108894",56.07034156,41.59
"Austin College",0.6705,30.85,50,61607,48680,48680,47.65,1165,11,0.7939,8628,17782,87.14,23.39449541,"19.667377399",50.53304904,28.58
"Baylor University",0.7999,12.45,31.24,74226,58100,58100,51.28,14785,15,0.9095,11998,15852,67.26,17.10906702,"20.037364302",60.33829841,17.52
"Concordia University Texas",0.446,41.42,49.82,53020,23500,23500,91.25,1185,16,0.583,6271,7086,100,37.70491803,"25.981447124",64.84230056,37.97
"Texas A & M University-Corpus Christi",0.4015,42.9,41.7,25210,9748,20794,88.58,8034,19,0.5843,9497,9222,76.53,39.0052356,"21.672406968",62.54948535,54.24
"Dallas Baptist University",0.5701,23.05,31.89,52716,40190,40190,88.84,2403,16,0.6437,8487,9809,100,32.33143786,"24.122846442",61.04868914,15.86
"Dallas Christian College",0.2857,48.56,56.47,34502,21730,21730,21.8,224,13,0.4091,5606,5907,45.45,40.13157895,"24.104651163",52.3255814,35.27
"University of Dallas",0.7307,25.93,43.73,68583,53930,53930,53.44,1403,11,0.7723,8867,12940,59.53,16.46586345,"19.654223969",56.97445972,29.29
"East Texas Baptist University",0.4712,32.19,50.81,44211,30680,30680,57.76,1352,14,0.7084,7437,7682,100,31.82423435,"20.826899128",47.19800747,12.35
"Texas A&M University-Texarkana",0.2957,52.51,45.35,23778,8349,45080,63.54,1982,14,0.6371,8835,16462,62.3,47.50519751,"27.268406337",65.05125815,23.11
"East Texas A&M University",0.4281,40.47,35.22,23438,10026,22326,92.24,9912,17,0.5723,8866,8444,44.75,42.02706288,"25.237094137",63.1394534,27.03
"Hardin-Simmons University",0.4604,40.06,82.15,45904,32960,32960,90,1283,15,0.6487,8035,12190,63.69,31.47138965,"21.620253165",53.03797468,25.64
"Houston Christian University",0.4912,55.54,58.52,50082,39430,39430,84.44,2886,18,0.6933,8257,5467,35.07,36.27546072,"22.081967213",64.59016393,38.74
"University of Houston-Clear Lake",0.5163,45.24,27.98,24622,7770,21114,90.52,6078,15,0.7444,10108,8892,58.66,48.21073559,"27.575250836",68.14381271,50.81
"University of Houston-Downtown",0.332,55.22,29.85,20749,7708,17548,89.96,12555,18,0.6709,9421,6787,54.44,52.70877691,"26.975800447",65.37602383,59.38
"University of Houston-Victoria",0.2638,48.93,37.81,21401,7149,16989,95.9,2513,15,0.651,9358,10420,50,45.73304158,"26.757462687",65.54726368,47.23
"University of Houston",0.6456,41.65,31.68,26185,9717,22547,73.92,38380,22,0.8699,13242,9920,79.84,40.49271339,"22.612481315",52.57100149,38.06
"Howard Payne University",0.2798,44.27,69.27,46766,34982,34982,67.37,713,10,0.5174,6842,11204,100,37.40095087,"20.827988338",39.06705539,29.59
"Huston-Tillotson University",0.3394,61.22,69.18,25384,26709,26709,39.09,1005,14,0.5819,6364,9511,35.07,43.43971631,"25.389908257",58.71559633,10.55
"University of the Incarnate Word",0.5098,44.6,48.56,48681,37090,37090,98.14,4440,12,0.7129,9001,11151,45.82,43.26269492,"26.018378378",64.07207207,65.74
"Lamar University",0.3732,46.49,41.8,22254,8905,18745,86.41,8150,20,0.6187,9286,5053,77.23,43.25285896,"25.370237562",65.3966831,22.18
"Texas A & M International University",0.4647,64.51,26,15558,7894,19454,44.37,6667,21,0.7783,9203,6589,55.46,49.17466411,"21.690728264",61.14854026,92.01
"LeTourneau University",0.5858,13.29,23.95,51124,37160,37160,38.01,1468,11,0.8078,6550,11090,35.34,34.05714286,"27.539832285",51.67714885,5.11
"Lubbock Christian University",0.5136,34.32,68.94,41944,28540,28540,73.1,1252,11,0.7032,6790,8197,50.57,35.9947644,"24.203143894",63.72430472,29.47
"University of Mary Hardin-Baylor",0.4931,39.65,60.71,46874,32020,32020,95.76,2759,17,0.6242,8752,11301,48.28,32.44084682,"22.215641173",63.31224842,31.75
"McMurry University",0.4429,23.82,29.44,43778,32340,32340,57.04,1176,16,0.6352,7497,8484,100,37.42038217,"21.886363636",43.03977273,33.76
"Midwestern State University",0.4274,40.65,39.76,22652,10580,12530,93.52,4087,18,0.6393,8183,11122,73.18,38.1792183,"23.62908778",58.39070568,27.75
"University of North Texas",0.6071,38.04,36.12,26243,11309,21149,72.23,34341,25,0.7665,11092,7601,71.99,34.7966205,"22.22931591",54.85318429,30.17
"The University of Texas Rio Grande Valley",0.509,65.08,26.17,16830,9987,19827,94.19,28666,20,0.8111,9041,8787,83.73,52.59824759,"22.749964311",57.58743754,93.23
"Paul Quinn College",0.2687,67.28,83.47,23587,13498,13498,40.28,620,20,0.4898,6785,4479,20.93,48.46938776,"22.350951374",56.44820296,13.71
"Prairie View A & M University",0.432,65.6,68.11,26362,11299,26874,79.31,8877,17,0.7562,9530,8353,82.04,33.49093775,"20.85173135",61.00395073,7.29
"Rice University",0.9464,17.03,6.47,79788,64144,64144,8,4776,6,0.9741,18454,47816,83.81,14.47587354,"19.568720379",45.18167457,16.69
"Saint Edward's University",0.6259,42.37,47.67,66719,51384,51384,81.42,2493,12,0.7967,9902,11064,55.84,32.54397835,"21.457573853",62.16216216,56.28
"University of St Thomas",0.6877,41.64,34.53,45672,34634,34634,89.92,3220,16,0.777,7661,12002,95.53,37.78625954,"23.40625",71.71052632,55.4
"Sam Houston State University",0.5476,41.33,45.65,25505,9228,19068,90.26,17743,19,0.7325,8196,7981,79.14,41.40865737,"22.117593437",66.14142466,29.05
"Schreiner University",0.4318,43.79,63.94,48004,39266,39266,88.2,1053,13,0.6679,7796,9539,45.31,37.29903537,"23.248153619",60.41358936,42.17
"St. Mary's University",0.5893,38.61,46.3,47999,37434,37434,97.76,1951,11,0.73,10724,13146,63.33,38.72387239,"20.33366435",56.90168818,53.51
"Southern Methodist University",0.8427,12.76,21.46,85606,67040,67040,63.35,7277,11,0.9052,14916,18509,69.16,15.68247822,"20.534968211",50.95367847,17.74
"Nelson University",0.4156,47.8,61.33,34504,25064,25064,89.02,1479,15,0.7516,6539,8441,46.48,38.15028902,"24.20173913",49.73913043,28.94
"Southwestern University",0.7279,25.33,45.57,67493,53813,53813,43.05,1440,11,0.806,8920,17431,77.42,20.33542977,"20.139442231",57.37051793,29.58
"Stephen F Austin State University",0.5333,38.87,41.35,25791,11128,23426,93.99,8728,16,0.7169,8694,9033,76.04,35.3515625,"21.432950949",65.64477848,24
"Texas State University",0.5528,37.24,41.02,28073,11450,22930,89.32,36177,21,0.8008,9186,6786,79.42,35.82704187,"21.529538504",60.08479288,41.12
"Southwestern Adventist University",0.5234,42.11,53.04,35592,25380,25380,78.36,570,12,0.7267,6313,11363,96,34.15977961,"22.868159204",56.96517413,50.18
"Sul Ross State University",0.2994,57.74,40.53,24529,7592,17672,98.71,1396,11,0.4491,7971,9128,56.68,46.26998224,"23.242057489",54.53857791,67.84
"Tarleton State University",0.4821,34.4,40.04,24100,8302,18142,89.55,12673,20,0.6985,8339,5674,59.42,42.10031937,"23.948853016",64.63891249,24.32
"Texas A&M University-Kingsville",0.4187,52.73,38.08,24060,9892,25746,90.92,4748,18,0.6459,8761,10279,74.83,45.87833997,"23.544512947",55.65967941,77.8
"Texas A&M University-College Station",0.8391,19.64,25.65,32696,13154,40124,57.43,59615,20,0.9431,14776,19596,88.85,29.95074728,"20.305687957",51.16777884,25.57
"The University of Texas at Arlington",0.5402,42.3,31.2,25261,11950,29582,79.9,32294,23,0.7294,11502,7448,64.74,43.76915601,"27.551235839",66.41992791,39.52
"The University of Texas at Austin",0.889,25.85,27.27,31247,11688,44908,26.64,42855,18,0.9674,15819,20294,84.19,27.51759015,"20.172572245",56.06045134,28.31
"The University of Texas at Dallas",0.7569,29.97,33.08,29807,14644,40144,65.13,21751,23,0.8995,15085,12056,75.35,31.3957935,"22.721688401",46.20796156,18.24
"The University of Texas at El Paso",0.5017,61.61,26.75,19836,9744,25502,99.92,21005,21,0.7894,10239,7651,68.36,40.63639794,"22.667898237",55.11453605,88.08
"The University of Texas at Tyler",0.5413,39.74,31.99,24505,9736,25494,94.02,7440,17,0.7678,10385,27629,77.71,39.12268188,"24.804545455",59.9025974,28.98
"Texas Christian University",0.8551,14.32,25.08,76604,61740,61740,44.49,11026,14,0.9287,13971,20405,100,20.40586246,"20.947537473",60.27837259,19.31
"Texas Lutheran University",0.5385,34.62,61.89,50002,36230,36230,95.71,1304,11,0.6181,7741,9741,57.78,35.54216867,"20.600282486",48.44632768,45.02
"The University of Texas Permian Basin",0.3967,38.69,29.02,23886,9236,21504,94.89,3911,19,0.6093,9381,9784,100,46.21125144,"26.348919055",60.7340372,54.15
"The University of Texas at San Antonio",0.5264,44.06,39.36,22352,9011,22051,86.79,30580,24,0.7984,10588,6112,75.87,38.8502455,"21.65456566",54.16743841,61.29
"Texas Southern University",0.2216,72.26,67.44,27052,9173,21473,96.91,6844,19,0.6621,8730,8340,58.82,38.79505924,"22.411233054",59.13492576,8.01
"Texas Tech University",0.6869,27.75,41.09,27443,11852,24451,72.65,32394,20,0.8495,11757,8554,85.32,32.37946777,"21.463346737",49.67522425,30.31
"Texas Wesleyan University",0.3154,44.71,37.73,57451,39582,39582,69.16,1741,12,0.6082,8367,9615,40.94,48.29612221,"24.261398176",60.58763931,34.98
"Texas Woman's University",0.4906,42.01,37.96,22234,8640,18480,96.12,8767,16,0.6955,9526,7653,99.38,41.57868276,"24.734297431",90.28707101,40.77
"Trinity University",0.8397,18.77,43.58,68224,53676,53676,25.92,2505,8,0.9287,12354,22157,78.73,17.36842105,"19.515202703",54.05405405,24.99
"Wayland Baptist University",0.1929,45.7,49.95,36323,23782,23782,55.96,2041,10,0.4453,5999,11561,100,45.45973729,"29.831532417",57.76031434,28.17
"West Texas A & M University",0.5504,41.11,36.32,23482,9101,10996,98.68,6917,14,0.6963,8482,6290,81.71,39.375,"22.954686181",60.03377428,35.19
"Brigham Young University",0.8098,32.1,10.78,22690,6688,6688,67.78,32952,21,0.9097,14370,18168,70.47,13.79568885,"21.399299152",47.95278495,8.04
"Brigham Young University-Hawaii",0.5264,15.1,7.29,25098,6630,6630,46.96,2889,18,0.7354,10793,14278,100,19.1904048,"21.823788546",60.20558003,3.67
"Southern Utah University",0.6067,24.88,17.46,19416,6962,21192,81.79,9289,22,0.7552,8847,7459,73.33,32.08985158,"22.344486692",55.24714829,8.87
"Utah State University",0.5913,25.78,19.04,21654,9228,24802,92.47,20272,19,0.7084,11173,13665,96.89,28.35781742,"23.224894619",54.95908753,7.15
"University of Utah",0.6505,19.59,20.51,25557,9620,30860,85.98,27264,19,0.8619,12776,17724,87.59,29.44091683,"23.500582072",50.55296857,13.98
"Westminster University",0.6381,24.47,66.03,57616,43528,43528,66.57,823,8,0.7634,8756,16627,100,26.87747036,"22.315203956",60.9394314,13.85
"Bennington College",0.7121,25.27,50.4,87284,66262,66262,44.53,780,9,0.8204,10055,23573,41.22,12.60162602,"20.0078125",67.1875,8.97
"Champlain College",0.6523,25.02,51.87,65009,47850,47850,82.92,2752,13,0.817,9955,9094,100,31.72011662,"26.700053562",47.02731655,10.32
"Middlebury College",0.914,15.89,22.71,85880,67600,67600,10.75,2738,8,0.9366,13875,32208,91.13,21.57258065,"20.790352505",53.432282,12.49
"Norwich University",0.6021,24.41,46.37,67357,49740,49740,74.44,2428,13,0.7926,8275,16559,49.3,23.63090773,"21.480932203",26.62429379,11.29
"Saint Michael's College",0.7277,23.68,57.56,69079,51450,51450,84.51,1092,10,0.7994,9332,10911,97.22,11.71875,"19.568181818",61.51515152,6.14
"Vermont State University",0.4722,34.13,58.01,25988,11952,22296,81.67,3590,13,0.6783,7714,14562,100,38.08948005,"25.85151856",53.8807649,5.63
"University of Vermont",0.7859,13.15,37.43,35649,19058,45502,65.3,11743,17,0.8918,10288,14705,76.77,11.51121606,"20.07428736",60.14972646,5.55
"Averett University",0.4814,41.1,63.31,53460,38550,38550,56.59,1231,16,0.6525,6196,7698,100,37.55102041,"24.65512979",52.65760198,3.98
"Bluefield University",0.1778,51.36,70.88,42539,26770,26770,59.31,614,14,0.6149,5619,8767,100,42.50411862,"26.166919575",56.60091047,4.89
"Bridgewater College",0.5305,29.83,60.32,58702,16090,16090,91.72,1400,13,0.7529,7326,8750,69.72,32.0212766,"19.532868526",52.39043825,7.5
"William & Mary",0.8942,12.45,21.69,43035,25914,51038,34.07,7055,12,0.9456,12942,18167,78.72,13.16695353,"19.849040867",60.71726439,9.03
"Regent University",0.5692,51.15,56.62,32838,21650,21650,38.12,4729,18,0.7458,8375,4054,75.81,41.98855508,"33.822910217",65.3869969,12.22
"Christopher Newport University",0.7164,16.13,36.69,33766,16828,31178,86.04,4365,13,0.8124,10989,12950,67.39,18.1010929,"19.634920635",59.52380952,9.16
"Emory & Henry University",0.5634,38.48,58.99,52854,39000,39000,83.65,1078,12,0.6627,7819,14596,97.25,26.70565302,"19.832733813",48.74100719,3.25
"Eastern Mennonite University",0.67,32.68,55.62,56756,43920,43920,100,754,9,0.7609,6452,12697,95.65,31.90661479,"22.891071429",63.57142857,15.65
"Ferrum College",0.319,54.27,85.41,54526,28520,28520,88.98,699,11,0.6414,5763,7476,100,38.84892086,"19.836225597",39.58785249,6.15
"George Mason University",0.6784,30.13,30.71,28604,14220,38688,87.48,27752,16,0.8599,14486,15232,53.1,29.98785917,"22.57979111",55.7201846,17.88
"Hampton University",0.5716,39.35,56.04,46027,30592,30592,62.25,3727,15,0.8534,8778,17152,100,19.75116641,"20.216642755",69.15351506,0.24
"James Madison University",0.7972,17.12,29.03,31735,14250,31604,71.52,20888,17,0.9198,10916,10620,80.94,20.83089526,"20.158063301",61.32253203,8.78
"Liberty University",0.6533,38.34,46.25,42025,22465,22465,98.98,50012,18,0.8013,8826,4004,15.94,42.39865593,"30.939533995",64.39648587,7.93
"Longwood University",0.6123,27.71,45.92,34588,15744,27978,90.22,3015,15,0.7977,9246,11319,100,27.88768347,"20.273056058",68.77637131,7.23
"University of Lynchburg",0.5736,27.9,66.96,50067,36750,36750,43.01,1577,11,0.7061,8271,11737,77.31,30.15184382,"20.238493724",61.71548117,6.79
"University of Mary Washington",0.6641,21.05,29.27,31137,14640,27560,79.78,3566,13,0.844,9957,11398,67.99,24.79892761,"21.514303878",68.53146853,12.96
"Marymount University",0.5351,23.06,34.3,57184,40920,40920,93.16,1810,14,0.7259,9455,9258,42.86,29.82646421,"22.386811024",70.27559055,30.44
"Norfolk State University",0.385,64.97,63.88,26633,10180,21682,87.77,5392,15,0.7256,9767,13530,53.6,37.35213831,"23.138953942",67.17408275,4.73
"Old Dominion University",0.4632,36.82,40.56,29446,12750,33780,90.36,17514,13,0.7691,10583,12901,95.72,33.21371117,"23.603998203",60.19766397,11.25
"Radford University",0.4866,37.13,50.74,28405,12548,25633,89.53,6038,14,0.7557,9967,14638,67.67,31.43638851,"20.578478759",59.50139914,10.67
"Randolph-Macon College",0.7048,19.87,57.33,63985,49466,49466,86.61,1639,11,0.8372,9162,14501,67,22.54237288,"19.685575365",54.6191248,6.04
"Randolph College",0.4639,45.84,67.1,45040,30310,30310,93.71,658,8,0.745,8701,15644,100,26.26865672,"20.177966102",71.46892655,9.12
"University of Richmond",0.852,17.16,31.66,80961,65230,65230,22.2,2980,7,0.9075,14442,27137,73.6,12.26295828,"20.751515152",54.90909091,9.16
"Roanoke College",0.6736,24.4,80.32,54283,38068,38068,83.06,1767,11,0.7571,7553,11658,83.15,20.6590621,"19.866828087",59.68523002,6.96
"Shenandoah University",0.6682,18.92,50.73,51928,36950,36950,76.95,2116,12,0.8174,8154,12250,57.35,27.71317829,"21.783905967",60.84990958,12.67
"Southern Virginia University",0.3347,45.19,57.19,34431,21280,21280,96.42,936,14,0.7401,6553,7056,63.64,17.14285714,"20.919661734",51.1627907,6.94
"University of Virginia's College at Wise",0.4706,39.77,22.82,26593,11780,28010,28.54,1101,14,0.7157,9197,13373,100,36.79369251,"22.425948592",49.57160343,0.36
"Virginia Polytechnic Institute and State University",0.8622,15.29,33.62,36951,15948,37764,54.78,30923,17,0.9308,14162,15632,98.65,17.76347546,"19.822727976",46.49326521,9.83
"Virginia Commonwealth University",0.6318,31.19,38.78,38954,16945,40109,92.62,20753,17,0.8534,12401,16705,61.03,27.60338814,"21.298947612",62.43783971,12.11
"University of Virginia-Main Campus",0.956,15.55,19.99,39926,21803,59512,16.81,17597,15,0.9755,17428,26598,96.11,15.80020387,"20.344480519",54.54545455,7.9
"Virginia Military Institute",0.7621,16.47,59.49,34824,21046,52638,71.25,1527,9,0.8098,9070,21289,100,15.24752475,"19.459302326",14.34108527,10.54
"Virginia State University",0.3944,72.13,75.67,27661,10043,22650,88.63,5074,13,0.6939,9469,15660,64.73,34.16387159,"20.702235344",56.09447491,6.17
"Virginia Union University",0.3415,68.67,71.03,29075,17450,17450,97.99,1203,16,0.6657,5874,5548,100,40.80882353,"20.036548223",54.31472081,1.33
"Virginia Wesleyan University",0.4164,27.12,45.02,51255,37500,37500,72.87,1256,15,0.7425,8756,10936,70.23,30.87248322,"21.747211896",62.70136307,8.28
"Central Washington University",0.5361,28.28,31.29,28816,9417,27526,90.62,7833,15,0.7005,10124,11278,65.28,40.04042219,"23.442911418",54.58908218,23.02
"Cornish College of the Arts",0.5643,29.88,58.96,60273,41684,41684,62.21,488,6,0.6933,5957,28682,38.35,22.57142857,"20.991869919",64.22764228,5.53
"Eastern Washington University",0.4349,35.1,35.04,24478,8586,25959,90.75,6222,18,0.674,10643,11582,62.96,36.23188406,"22.911190053",57.5044405,19.88
"The Evergreen State College",0.4074,41.56,39.61,28477,9264,31905,96.37,2160,17,0.6986,9212,11647,69.66,30.09009009,"26.556996218",60.72393301,15.32
"Gonzaga University",0.8629,14.41,35.56,73178,55480,55480,81.69,5198,12,0.929,11036,15138,58.95,13.31010453,"19.832310838",52.62440354,14.49
"Northwest University",0.7078,25.33,55.08,50501,36035,36035,83.2,645,9,0.8389,8558,15820,24.61,36.36363636,"25.218220339",61.65254237,12.87
"Pacific Lutheran University",0.6857,35.27,44.21,62459,52254,52254,78.02,2401,12,0.8194,8581,12280,69.62,29.58139535,"21.398954704",64.63414634,19.28
"University of Puget Sound",0.6799,17.28,43.14,78378,62898,62898,72.25,1594,10,0.8402,10726,23433,74.79,12.31788079,"20.360613811",63.93861893,11.36
"Saint Martin's University",0.519,41.91,68.67,62449,45510,45510,89.8,1158,11,0.6459,7413,9107,51.05,34.0952381,"23.835355286",58.75216638,24.35
"Seattle Pacific University",0.6195,35.34,48.92,56826,40407,40407,83.4,1762,13,0.7237,9581,15613,55.83,22.86995516,"20.802005013",69.59064327,19.18
"Seattle University",0.7551,23.57,49.39,72124,56721,56721,76.92,4062,10,0.8422,8352,18739,67.05,19.40298507,"21.606892523",65.07009346,15.83
"Washington State University",0.605,27.38,30.31,27648,13391,29950,86.64,21099,15,0.7834,11233,11856,84.21,34.08797654,"22.69739777",57.42963356,18.85
"University of Washington-Seattle Campus",0.8518,14.86,14.89,32446,12973,43209,39.15,31942,20,0.9473,15198,24064,79.86,32.72745332,"22.528038637",57.46355424,10.32
"Western Washington University",0.6464,20.89,29.21,30359,9582,28707,93.25,13544,18,0.7937,11802,13138,71.4,26.68539326,"21.651877883",60.00439271,11.31
"Whitman College",0.8052,16.32,53.56,78092,64050,64050,38.15,1531,10,0.8671,10628,23597,87.11,11.6838488,"19.432343234",61.71617162,13
"Whitworth University",0.7089,29.45,55.7,68516,52880,52880,89.78,1858,11,0.776,8332,13375,100,24.2248062,"22.461398728",64.6684832,13.29
"Bethany College",0.4682,51.16,74.73,50758,36765,36765,58.79,614,12,0.5375,6417,5782,100,33.87978142,"19.881612091",29.21914358,5.37
"Bluefield State University",0.37,44.44,55.4,21839,10648,18376,97.23,1042,13,0.5484,7349,8826,62.96,49.24924925,"24.338582677",62.72965879,5.28
"University of Charleston",0.4555,31.43,35.46,46470,33800,33800,61.52,2259,15,0.7479,7297,5497,55.06,43.12736444,"24.657772622",58.70069606,8.72
"Concord University",0.3897,49.52,46.33,20434,10664,22000,92.56,1504,16,0.6484,7270,6332,81.68,47.65380605,"21.981481481",58.57699805,0.27
"Davis & Elkins College",0.3929,43.34,63.1,44888,31820,31820,94.33,661,10,0.6522,5987,10030,57.47,47.84688995,"21.716775599",69.49891068,6.35
"Fairmont State University",0.4425,34.29,39.26,20018,8708,18924,98.62,2590,14,0.6739,7101,8719,91.67,41.39814309,"22.00556962",56.55696203,0.23
"Marshall University",0.5123,38.68,39.53,22022,9162,20342,95.73,7266,16,0.7218,8576,10515,74.64,37.40231743,"21.542237727",58.6842761,2.93
"Shepherd University",0.5103,29.43,39.22,19601,9056,19082,96.78,2344,17,0.7138,7788,8565,52.81,40.86097389,"22.608160622",60.0388601,8.7
"West Virginia State University",0.3918,20.14,17.94,19772,9570,14990,95.96,1321,13,0.5673,7141,4417,67.14,43.38725024,"22.754585153",53.62445415,3.41
"West Liberty University",0.5953,31.88,43.93,23809,8893,17442,97.27,1511,12,0.6886,7150,7232,64.29,35.62970936,"21.164670659",61.27744511,0.2
"West Virginia University Institute of Technology",0.3296,27.38,24.34,18907,8424,21072,36.68,981,13,0.6176,8140,6243,69.16,30.39163376,"20.54234904",50.12559027,3.06
"West Virginia Wesleyan College",0.5714,37.63,65.35,48190,34090,34090,93.34,954,13,0.6732,6450,8030,61.68,29.5379538,"19.872472784",57.23172628,5.56
"West Virginia University",0.6466,21.57,44.68,26415,10104,28608,89,17385,19,0.8343,11832,13615,74.14,30.39163376,"20.54234904",50.12559027,4.66
"Wheeling University",0.2333,31.56,60.63,42504,29875,29875,63.16,589,15,0.5366,5906,7539,100,36.73469388,"22.741452991",53.20512821,4.58
"Bellin College",0.6304,12.58,37.42,42941,30952,30952,97.18,372,10,0.9464,8323,10230,82.46,31.03448276,"25.154205607",88.78504673,2.15
"Beloit College",0.7105,29.64,53.69,71365,60886,60886,63.04,926,12,0.8056,7725,11768,78,19.30184805,"19.727810651",53.25443787,17.71
"Carroll University",0.707,22.91,58.64,52639,38890,38890,66.84,2523,14,0.7825,8605,9831,37.8,27.15654952,"20.308801214",66.38846737,13.79
"Carthage College",0.6426,27.1,86.41,50822,38750,38750,87.06,2660,14,0.7339,8981,10242,47.14,26.23839009,"20.151291513",55.05535055,18.01
"Concordia University-Wisconsin",0.6835,26.73,60.12,53315,35470,35470,78.2,2197,11,0.781,7256,10274,100,31.83879093,"24.278212805",64.21004146,7.74
"Edgewood College",0.6024,25.78,57.5,50903,35860,35860,75.73,1107,15,0.7315,7213,7993,39.38,28.10271041,"22.684350133",75.46419098,10.39
"Lakeland University",0.4245,25.15,44.65,48840,33396,33396,86.28,1212,12,0.6332,7358,7415,20.83,43.63636364,"27.183783784",57.65765766,9.32
"Lawrence University",0.7677,21.99,48.58,69849,56982,56982,63.94,1396,7,0.8657,8785,22280,83.68,17.39130435,"19.598698482",52.49457701,12.39
"Maranatha Baptist University",0.6357,33.99,23.98,37092,21550,21550,71.9,541,11,0.8824,4049,7680,60.2,19.15492958,"21.024657534",55.61643836,8.32
"Marian University",0.4416,32.59,77.75,44450,35178,35178,74.98,1010,11,0.6746,8154,5320,91.49,38.96961691,"23.182147165",69.48130277,12.28
"Marquette University",0.8321,18.39,38.38,66768,51170,51170,81.34,7660,14,0.9097,11059,14847,59.35,19.34628975,"19.584563475",58.54070013,15.9
"Milwaukee Institute of Art & Design",0.6695,37.29,78.19,53528,43743,43743,60.54,837,11,0.795,6527,9256,32.19,30.05780347,"20.547619048",65.34391534,18.28
"Milwaukee School of Engineering",0.6711,24.17,56.23,62648,50480,50480,58.93,2654,12,0.8378,10194,13879,60.06,23.59882006,"21.184284378",29.27970065,11.23
"Northland College",0.4966,31.88,60.46,56889,44403,44403,74.97,269,5,0.3107,6903,11164,70.27,20.14134276,"21.408026756",52.84280936,9.67
"Ripon College",0.633,33.79,70.3,63540,51900,51900,79.84,688,12,0.7231,8249,13869,100,28.08022923,"19.535620053",49.60422164,10.76
"Saint Norbert College",0.7129,14.7,43.51,59422,45580,45580,85.74,1662,14,0.8367,9440,12300,82.17,20.54176072,"19.572668113",57.04989154,5.42
"Viterbo University",0.6838,26.26,58.14,45558,34250,34250,72.43,1249,10,0.7619,7309,8971,43.61,28.16229117,"23.662528217",75.28216704,6.89
"University of Wisconsin-Whitewater",0.589,25.17,46.25,18719,8616,18716,85.72,9405,21,0.7804,9017,8065,94.61,29.96237065,"21.069948764",51.43684562,9.89
"University of Wisconsin-Eau Claire",0.6381,19.64,42.09,21705,9642,19228,82.34,8895,19,0.8175,9157,9211,77.99,21.98406156,"20.367547952",64.4375324,4.34
"University of Wisconsin-Green Bay",0.4822,21.83,27.39,19366,8700,17288,88.59,6341,25,0.6591,8077,6613,71.69,36.31100083,"24.113653699",68.03966438,10.6
"University of Wisconsin-La Crosse",0.7096,14.41,42.29,19593,10070,19517,75.5,9277,20,0.8651,8349,8467,81.12,21.38098122,"20.227668213",57.74361949,3.92
"Wisconsin Lutheran College",0.6357,28.6,67.68,48785,36110,36110,78.16,943,11,0.7251,7508,10769,96.1,29.36802974,"22.521891419",54.99124343,9.97
"University of Wisconsin-Oshkosh",0.4614,16.07,24.23,19652,8532,16446,86.5,6877,22,0.693,8888,10569,75.3,31.02329696,"21.692412664",60.97161572,6.72
"University of Wisconsin-Parkside",0.404,35.03,35.7,18199,8270,17429,75.39,2844,20,0.6872,8388,8443,72.43,40.94707521,"22.520970187",56.64477009,21.34
"Herzing University-Madison",0.284,69.37,68.64,27939,13450,13450,94.3,2494,19,0.3971,6724,4765,11.24,52.09032652,"31.289940828",81.35465189,11.11
"University of Wisconsin-Stout",0.5486,23.86,48.04,22797,10701,19265,87.67,5842,18,0.789,8344,9240,72.06,27.83985102,"21.885772123",47.5708502,4.16
"University of Wisconsin-Superior",0.4188,30.82,43.43,19860,8812,16726,93.01,1807,18,0.7183,7266,10961,84.56,29.59285005,"24.372177055",64.22764228,3.71
"University of Wisconsin-Madison",0.8955,15.94,20.38,28679,11603,42103,45.2,36902,18,0.9616,15643,21417,85.84,16.80527224,"20.109977494",53.11327832,8.52
"University of Wisconsin-Milwaukee",0.4932,32.75,41.5,22756,10398,22398,90.68,16758,17,0.7295,9960,11310,63.81,33.04775104,"22.251829826",56.415828,16.64
"University of Wisconsin-Platteville",0.5576,21.1,42.3,21266,8644,17603,89.38,5837,20,0.7903,7885,7324,80.76,28.73563218,"20.79348199",37.66723842,4.88
"University of Wisconsin-River Falls",0.57,20.83,42.97,19781,9008,17470,81.72,4205,19,0.7645,8788,9465,59.23,26.45299145,"21.150219736",63.88333999,4.95
"University of Wisconsin-Stevens Point",0.5078,28.7,48.77,20079,9488,18508,91.8,7306,21,0.7383,7919,8261,75.97,30.57193396,"20.990082645",54.32506887,5.24
"University of Wyoming",0.5884,22.75,28.1,24818,7768,24178,96.88,7944,13,0.7968,10759,17639,99.28,27.7271069,"22.668979875",54.37196391,10.35
"Universidad Adventista de las Antillas",0.3636,79.13,25.61,16834,8350,8350,100,830,18,0.7952,3531,4469,27.78,38.29431438,"21.517611026",64.01225115,93.49
"Universidad Central de Bayamon",0.3438,78.44,16.37,12976,5986,5986,65.94,539,13,0.8,2861,4459,100,30.75862069,"22.357561547",61.89917937,99.07
"Albizu University-San Juan",0.6703,68.85,24.87,18382,8505,8505,100,728,20,0.8243,4085,1880,22.87,25.05800464,"26.48",80.42105263,98.76
"Pontifical Catholic University of Puerto Rico-Arecibo",0.5395,68.85,28.35,18678,6550,6550,93.78,273,10,0.8696,4327,15299,50,30.84022915,"21.188372093",58.43023256,100
"Pontifical Catholic University of Puerto Rico-Ponce",0.4859,80.65,30.23,20508,6650,6650,98.08,3874,16,0.8312,4545,4692,69.14,30.84022915,"21.188372093",58.43023256,99.56
"Colegio Universitario de San Juan",0.3226,76.94,0,6024,2580,2580,75.38,491,10,0.5556,3129,2531,100,45.22502744,"23.995503597",56.11510791,100
"Puerto Rico Conservatory of Music",0.6667,61.69,10.71,12920,3370,3850,78.35,307,4,0.875,5014,21478,50,9.52380952,"20.388489209",31.65467626,99.02
"EDP University of Puerto Rico Inc-San Sebastian",0.287,62.89,47.84,15680,7050,14125,95.74,1032,15,0.6667,2810,3117,100,44.092827,"28.823505155",66.4742268,100
"Escuela de Artes Plasticas y Diseno de Puerto Rico",0.4478,78.07,0,9057,4902,8502,100,466,10,0.7229,3063,3754,100,17.34104046,"20.441489362",65.95744681,98.71
"Inter American University of Puerto Rico-San German",0.4316,83.04,11.61,16380,5780,5780,42.48,2569,25,0.7955,5766,3859,100,35.79571363,"21.450378469",52.14465938,99.73
"Inter American University of Puerto Rico-Aguadilla",0.4288,82.85,12.27,16057,5742,5742,41.76,2906,26,0.8056,5059,3235,100,42.88086343,"22.174746336",54.00225479,99.76
"Inter American University of Puerto Rico-Arecibo",0.3892,77.1,15.35,16625,5780,5780,38.2,2220,26,0.713,5468,3469,100,35.28673085,"22.646230008",59.63442498,99.77
"Inter American University of Puerto Rico-Barranquitas",0.3802,88.38,10.66,16051,5742,5742,85.95,937,21,0.7323,5051,4976,100,50.58139535,"21.374806801",56.18238022,100
"Inter American University of Puerto Rico-Metro",0.3881,66.49,17.41,16837,5780,5780,69.72,2607,18,0.7643,5927,4898,100,25.53742038,"24.593727469",57.4260995,98.2
"Inter American University of Puerto Rico-Ponce",0.4144,80.36,17.37,16065,5780,5780,33.73,2404,22,0.6865,5587,3759,100,33.79380054,"23.137027108",58.2067322,99.58
"Inter American University of Puerto Rico-Fajardo",0.3767,82.72,11.91,16190,5780,5780,26.54,1072,22,0.7628,5114,4240,100,32.14574899,"22.049320944",57.18370264,99.35
"Inter American University of Puerto Rico-Guayama",0.4421,66.39,24.63,16475,5780,5780,36.33,2393,26,0.8255,4728,3003,100,38.26311264,"23.373660031",66.53905054,98.91
"Inter American University of Puerto Rico-Bayamon",0.3492,80.11,13.25,16324,5780,5780,39.62,3476,30,0.7387,5400,3121,100,27.26588943,"21.418181818",43.49914237,99.63
"University of Puerto Rico-Aguadilla",0.4633,82.61,6.06,14498,5954,5954,81.4,1883,19,0.6905,5687,7355,87.4,28.15472416,"19.692844677",55.03199535,83.96
"University of Puerto Rico-Arecibo",0.52,88.96,3.34,17710,5354,5354,59.18,2669,19,0.7612,7301,6846,77.67,22.42355606,"19.645095018",59.57883924,100
"University of Puerto Rico-Bayamon",0.3706,86.92,4.01,12501,6284,6284,35.33,2851,21,0.7784,5869,6534,81.87,18.20608649,"19.587659158",50.19588639,100
"University of Puerto Rico-Carolina",0.3727,76.03,3.42,19396,7986,7986,54.54,2404,20,0.7148,7539,5764,58,18.44011142,"20.066231811",62.01705971,96.26
"University of Puerto Rico at Cayey",0.4983,75.88,0.36,15909,5354,5354,53,2069,24,0.7593,5701,8620,89.54,19.12908243,"19.376344086",66.4516129,100
"University of Puerto Rico-Humacao",0.4712,80.58,3.75,19547,5364,5364,54.8,2529,14,0.8133,5890,10543,75.53,22.26967663,"19.495633188",65.55676856,90.43
"University of Puerto Rico-Utuado",0.2326,84.23,6.62,20908,5354,5354,64.11,325,9,0.4634,7906,17709,86.96,27.23658052,"19.46361186",51.21293801,80.31
"University of Puerto Rico-Mayaguez",0.491,64.89,8.52,21637,5274,5274,56.52,9539,19,0.8701,8407,8147,94.62,17.01680672,"19.547921334",47.39855614,93.96
"University of Puerto Rico at Ponce",0.4618,82.62,7.85,17193,5354,5354,52.45,2278,22,0.7304,5915,5467,53.07,21.42857143,"19.474878444",56.5099946,100
"University of Puerto Rico-Rio Piedras",0.5026,66.47,4.73,15118,5354,5354,54.59,8572,11,0.7718,6128,12387,73.82,15.58323896,"19.864989518",61.84486373,94.14
"Universidad del Sagrado Corazon",0.5207,71.48,21.27,19728,6410,6410,58.02,4442,21,0.7907,4546,4216,21.58,27.72397094,"24.80457934",61.12886049,99.53
"Universidad Central Del Caribe",0.4,72.22,17.78,14642,7707,7707,60,90,11,0.7143,4119,11228,72.31,32.75862069,"23.261682243",74.76635514,87.78
"Pontifical Catholic University of Puerto Rico-Mayaguez",0.3989,80.42,24.43,18605,6550,6550,99.17,555,13,0.7805,4241,14568,71.93,30.84022915,"21.188372093",58.43023256,99.82
"College of Micronesia-FSM",0.3408,79.25,0,10445,5050,5050,87.07,1729,13,0.4,3195,4678,100,47.18361375,"20.243144424",58.43997562,0
"University of the Virgin Islands",0.2823,48.74,17.11,17771,5957,16557,98.98,1518,10,0.6859,7379,11416,100,46.61764706,"21.588585018",68.25208086,14.36
"Stanford University",0.9192,19.16,6.2,87833,65910,65910,3.61,7554,6,0.9818,25198,154517,99.17,30.33854167,"19.709330144",49.40191388,17.06
"Purdue University-Main Campus",0.831,12.98,22.45,24591,9992,28794,49.87,44503,14,0.927,14473,20511,96.09,18.53810686,"19.969792488",47.32072498,7.5
"EDP University of Puerto Rico Inc-San Juan",0.2439,58.16,49.57,15740,7050,14125,60.67,1404,14,0.6,3031,2905,100,44.092827,"28.823505155",66.4742268,99.15
"Mid-America Christian University",0.4423,52.87,58.13,31313,21294,21294,91.76,1666,14,0.6515,5970,3229,100,49.7824195,"33.947972456",66.2586075,14.83
"ECPI University",0.4246,53.13,56.58,30055,18484,18484,74.52,12090,13,0.5646,6644,9396,32.09,47.67248084,"29.253738318",63.73831776,15.85
"New College of Florida",0.6667,33.94,18.87,24449,6916,29944,73.2,843,8,0.7557,10340,21232,84.4,20.93862816,"20.115254237",67.45762712,20.17
"University of Advancing Technology",0.3514,56.95,68.39,32794,19365,19365,98.06,855,15,0.7699,6981,5703,75.61,34.70319635,"24.082304527",15.22633745,19.65
"California State University-San Marcos",0.5456,42.61,28.34,21649,8082,20682,95.1,14877,24,0.7864,12046,8419,46.31,48.25760918,"23.506063947",65.96839397,51.54
"Nossi College of Art and Design",0.418,57.25,52.79,27710,20350,20350,46.31,247,10,0.88,7917,6159,17.02,39.57219251,"23.238317757",60.74766355,8.5
"University of Washington-Bothell Campus",0.6532,28.64,19.89,26908,12919,43155,90.6,5457,22,0.8584,13164,4757,62.46,32.72745332,"22.528038637",57.46355424,10.52
"University of Washington-Tacoma Campus",0.6324,39.66,27.33,25346,13168,43404,82.52,4185,15,0.7997,12135,5672,81.59,32.72745332,"22.528038637",57.46355424,16.06
"Beacon College",0.6023,23.53,34.91,70775,51680,51680,43.47,506,12,0.8492,6234,9122,100,19.11764706,"22.205479452",46.57534247,8.5
"Everglades University",0.6136,72.01,73.96,38913,21680,21680,81.45,2789,17,0.7365,5277,5573,26.71,41.80238871,"33.50527325",55.2253116,20.44
"Herzing University-Orlando",0.3714,64.96,80.77,26664,13450,13450,94.2,714,16,0.4,7718,5219,20.69,52.09032652,"31.289940828",81.35465189,31.79
"Southern California Institute of Technology",0.7404,61.67,62.62,37992,20515,20515,74.19,508,20,1,6758,2136,30,61.84210526,"29.407792208",4.15584416,54.92
"California State University-Monterey Bay",0.5909,43.17,28.48,26987,7779,20379,97.4,6819,24,0.7987,12135,11704,51.4,51.77157149,"23.837155201",67.09870389,55.87
"Trine University-Regional/Non-Traditional Campuses",0,18.02,19.59,26786,7176,7176,39.86,607,13,1,8289,2185,22.07,32.15613383,"23.029746282",39.19510061,12.85
"Arizona College of Nursing-Tempe",0.8889,46.95,73.89,38153,26091,26091,100,1202,20,0.7143,7785,9013,25,54.42307692,"28.43404908",84.86707566,30.2
"Eastern International College-Jersey City",0.3412,38.61,61.18,26182,18383,18383,69.63,495,15,0.5484,7038,5003,22.58,52.27272727,"28.524390244",90.48780488,36.97
"Embry-Riddle Aeronautical University-Worldwide",0.2055,25.51,10.04,24878,12097,12097,57.91,9139,23,0.6029,9064,5693,20.97,35.54592721,"25.385231459",18.16434407,20.45
"Southeastern College-West Palm Beach",0.875,76.62,93.85,37884,24480,24480,87.04,563,12,0.6667,6430,6006,41.75,51.80722892,"31.155328798",83.5600907,25.4
"Herzing University-New Orleans",0.1538,76.73,83.38,28414,13450,13450,92,346,14,0.5,7240,4246,28.57,52.09032652,"31.289940828",81.35465189,3.47
"Florida Gulf Coast University",0.574,27.88,24.6,20807,6118,25162,63.44,13874,20,0.8322,9789,7517,67.19,35.94800538,"21.352745424",59.40099834,25.78
"University of Connecticut-Waterbury Campus",0.5273,51.58,37.24,22933,18140,40808,86.66,733,20,0.7778,17573,4207,68,26.64932932,"20.321323247",53.09655084,30.56
"University of Connecticut-Avery Point",0.6162,38.19,36.5,23337,18140,40808,88.18,454,13,0.7024,17573,20253,68,26.64932932,"20.321323247",53.09655084,17.84
"University of Connecticut-Stamford",0.5654,50.71,35,30122,18150,40818,82.98,2432,21,0.816,17573,3494,68,26.64932932,"20.321323247",53.09655084,37.25
"The King's University",0.4737,38.6,47.79,18075,12480,12480,60.64,251,10,0.5,8073,6696,100,40,"29.525210084",53.78151261,20.32
"Oregon State University-Cascades Campus",0.5556,27.41,31.57,29798,13566,37356,63.11,1044,9,0.75,11502,3535,78.65,31.369606,"23.684235129",50.83557321,11.78
"Nevada State University",0.3358,22.84,12.82,23718,6765,21833,86.82,3762,18,0.7877,9521,5897,100,48.77488515,"27.933510638",75.99734043,48.14
"California State University-Channel Islands",0.5132,46.6,23.95,23561,7159,19759,94.81,5013,16,0.7243,12682,13045,53.88,50.68836045,"23.299628001",68.34629692,60.4
"Saint Joseph's University - Lancaster",0.6875,54.98,53.34,47879,32933,32933,41.21,1280,11,0.8125,8255,8676,72.83,17.51018034,"21.086859688",59.29844098,17.89
"DigiPen Institute of Technology",0.6095,22.46,42.51,55588,38950,38950,64.42,995,11,0.7619,10167,10848,48.91,17.42857143,"21.343324251",25.88555858,9.85
"American College of Healthcare Sciences",1,65.52,60.59,29923,13040,13040,53.49,759,27,1,5408,3313,51.22,44.30894309,"35.151079137",94.60431655,11.99
"University of California-Merced",0.6872,58.89,28.55,39665,15623,49823,90.53,8372,20,0.8213,14834,12647,93.28,57.41399763,"19.546156129",53.6360938,55.41
"Central Methodist University-College of Graduate and Extended Studies",0,31.88,20.6,22310,7440,7440,87.53,2092,28,0.5294,6109,2251,100,43.72781065,"27.84279476",68.99563319,2.29
"Neumont College of Computer Science",0.627,62.26,87.36,45890,27360,27360,86.78,453,27,0.7399,10119,4869,100,30.41958042,"19.968652038",13.79310345,15.89
"Johnson & Wales University-Charlotte",0.4897,52.39,81.12,58022,42419,42419,79.88,1184,14,0.7152,10592,14543,100,34.64140731,"21.04166162",63.53397118,13.34
"Ave Maria University",0.5394,21.04,45.2,46129,30198,30198,41.39,1298,17,0.7893,9091,13083,100,17.63392857,"19.974304069",48.39400428,15.02
"Ecclesia College",0.4,48.55,54.35,31571,16850,16850,73.81,108,10,0.4839,1331,6213,36.67,47.42268041,"23.938967136",37.55868545,13.89
"Harrisburg University of Science and Technology",0.3387,47.35,56.13,35893,24400,24400,87.35,615,18,0.7388,9125,13486,26.9,44,"20.865771812",48.99328859,17.24
"Joyce University of Nursing and Health Sciences",0.5417,70.24,43.34,30016,21680,21680,61.88,2058,13,0.8605,7480,10189,43.18,38.4219554,"28.26984127",80.31746032,10.69
"Georgia Gwinnett College",0.2147,51.81,24.69,22547,4532,13844,95.5,11344,19,0.6337,8110,4730,73.96,35.61382184,"22.358543834",59.64338782,28.4
"Chamberlain University-Illinois",0.4167,33.28,57.97,40826,21536,21536,82.64,14027,23,0.7273,7912,2772,10.87,47.309798,"33.305041096",89.69863014,16.42
"Chamberlain University-Ohio",0.2857,50,68.75,42634,19975,19975,87.5,257,8,0.3333,8978,6856,9.68,47.309798,"33.305041096",89.69863014,7
"Chamberlain University-Arizona",0.5,46.85,77.99,45594,20785,20785,90.91,693,10,0.6667,8978,6215,9.68,47.309798,"33.305041096",89.69863014,28.86
"Providence Christian College",0.2,31.29,53.06,53447,36963,36963,100,168,17,0.7857,6313,6898,81.82,30.25210084,"20.152671756",58.01526718,33.93
"University of Minnesota-Rochester",0.574,36.05,49.15,28904,15016,15016,71,568,13,0.7037,8587,7597,100,18.65601991,"20.925279599",55.93906672,6.69
"Chamberlain University-Florida",0.3333,54.23,80.93,37182,19975,19975,90.91,821,10,0.625,8080,6258,10.75,47.309798,"33.305041096",89.69863014,18.88
"Herzing University-Kenosha",0.7222,62.25,79.93,28414,13450,13450,92,522,16,0.5714,7591,7719,35.9,52.09032652,"31.289940828",81.35465189,32.18
"Herzing University-Brookfield",0.4167,67.28,83.91,27844,13450,13450,93.06,380,14,0.4,8256,6885,18.92,52.09032652,"31.289940828",81.35465189,11.84
"Texas A&M University-San Antonio",0.4017,50.84,36.33,21655,9654,23255,92.8,6599,18,0.6567,8625,5571,100,53.49344978,"29.098445596",66.67575675,63.21
"Johnson & Wales University-Online",0,36.23,51.26,26864,13365,13365,90.97,2202,13,0.5217,10481,5531,100,34.64140731,"21.04166162",63.53397118,20.21
"Chamberlain University-Virginia",1,44.44,76.37,45594,20785,20785,90,557,9,1,8978,6839,9.68,47.309798,"33.305041096",89.69863014,21.54
"Simmons College of Kentucky",0.1373,41.39,15.94,26596,16398,16398,100,481,10,0.6389,4126,4030,100,46.92307692,"27.333333333",48.48484848,1.25
"University of Connecticut-Hartford Campus",0.6505,45.65,38.22,26946,18130,40798,88.33,1525,26,0.8373,17573,4933,68,26.64932932,"20.321323247",53.09655084,20.72
"Ottawa University-Surprise",0.1818,39.84,73.31,52170,35880,35880,78.15,836,11,0.5,6690,4030,100,40.08683068,"29.532679739",62.74509804,34.69
"Chamberlain University-Missouri",1,54.88,78.66,38999,19975,19975,100,284,10,0.5,8978,6411,9.68,47.309798,"33.305041096",89.69863014,2.46
"Chamberlain University-Texas",0.25,53.73,77.73,38480,20380,20380,83.87,2270,10,0.6087,8197,5252,10.5,47.309798,"33.305041096",89.69863014,27
"Chamberlain University-Georgia",0.5,51.57,79.09,38272,20515,20515,91.43,1940,16,0.4,8288,5179,10.4,47.309798,"33.305041096",89.69863014,9.79
"Chamberlain University-Indiana",0,55.37,78.53,28094,19975,19975,100,144,13,1,8978,5917,9.68,47.309798,"33.305041096",89.69863014,3.47
"Augusta University",0.4881,38.79,34.5,23524,8414,24734,86.41,5613,16,0.7556,9414,17550,64.29,28.31900669,"22.655701754",67.3245614,10.74
"Middle Georgia State University",0.2533,42.88,32.91,19617,5038,16390,99.68,6574,18,0.6529,8304,7135,74.5,35.6277533,"22.974129353",58.88059701,8.81
"DeVry College of New York",0.3077,51.43,57.71,25596,17408,17408,100,86,3,0,11384,6000,19.05,50.22521408,"31.26123481",60.59049017,26.74
"DeVry University-California",0.2174,61.83,65.43,40687,17408,17408,98.5,2378,26,0.52,9738,1811,12.99,50.22521408,"31.26123481",60.59049017,38.23
"DeVry University-Georgia",0.125,73.73,80.72,38315,17408,17408,100,516,18,0.4,9146,1780,8.62,50.22521408,"31.26123481",60.59049017,5.43
"DeVry University-Illinois",0.3657,68.43,81.18,38660,17408,17408,98.38,27825,43,0.6488,9148,963,8.9,50.22521408,"31.26123481",60.59049017,14.67
"DeVry University-New Jersey",0.7143,70.59,66.18,42312,17408,17408,100,62,2,1,12428,14710,13.46,50.22521408,"31.26123481",60.59049017,20.97
"DeVry University-Ohio",0.3889,79.36,80.73,34318,17408,17408,100,210,19,0.6,9686,2735,35.71,50.22521408,"31.26123481",60.59049017,4.76
"University of North Georgia",0.3729,28.09,19.68,18177,5285,16503,67.94,16146,19,0.7347,8231,6126,72.48,34.04130658,"21.568970117",57.47065101,18.46
"Antioch College",0.4118,65.87,69.84,49856,37143,37143,89.13,121,6,0.7179,6439,11323,95.24,27.77777778,"21.04",67,16.53
"University of Florida-Online",0.8468,21.81,12.36,17843,3876,16579,61.26,4627,61,0.9482,5838,3673,5.03,30.76658251,"21.401052858",59.37902879,23.51
"University of North Texas at Dallas",0.4164,53.91,31.38,20064,9595,21894,84.45,2878,19,0.6538,9111,9456,99.01,57.81339439,"28.955036749",73.36792045,55.42
"Kennesaw State University",0.522,37.74,32.74,24008,5808,17736,69.19,41254,23,0.7672,9711,5687,63.47,26.93773825,"22.639833737",47.41253897,16.96
"Milligan University",0.6343,23.98,45.08,52511,40450,40450,72.29,818,10,0.8151,6980,9458,68.42,31.86528497,"22.005025126",62.31155779,4.52
"Chamberlain University-Nevada",0.2,48.52,82.55,33051,19975,19975,76.47,652,15,0.75,8978,5648,9.68,47.309798,"33.305041096",89.69863014,26.38
"Chamberlain University-Michigan",1,49.92,80.56,33910,20785,20785,85.71,629,9,0.6,8978,5661,9.68,47.309798,"33.305041096",89.69863014,5.25
"Chamberlain University-New Jersey",0.3333,38.68,80.09,38904,20785,20785,100,1226,12,0.8,8080,5629,10.75,47.309798,"33.305041096",89.69863014,21.21
"Arizona College of Nursing-Las Vegas",0.8182,53.38,79.2,35587,23531,23531,100,1222,20,0.7692,8004,7133,35.37,54.42307692,"28.43404908",84.86707566,33.39
"Husson University",0.5935,38.81,71.68,35852,23304,23304,80.95,2618,15,0.7535,7935,6867,98.29,32.17893218,"21.547208822",53.3425224,0.73
"Felbry College",0.9091,84.11,93.46,60136,29731,29731,85.42,192,25,1,5550,8982,100,51.28205128,"34.676470588",87.81512605,2.6
"Carolina University",0.2155,37.26,44.58,32680,17575,17575,39.54,460,17,0.5636,5407,3977,40.85,32.66331658,"28.35483871",48.38709677,11.96
"Purdue University Northwest",0.4291,28.06,25.32,15571,8675,16094,72.36,5671,17,0.657,9864,10005,98.48,43.0293896,"25.32105441",61.64244677,27
"Evangel University-College of Online Learning",0.5,44.4,68.88,26454,8175,8175,49.18,240,8,0.6667,5631,2438,27.08,26.10571737,"22.481751825",55.05735141,12.08
"Commonwealth University of Pennsylvania",0.5448,31.79,53.94,25161,11046,22870,93.09,9210,19,0.7757,11730,10722,83.02,33.98760331,"20.346310007",57.15309291,7.26
"Pennsylvania Western University",0.5188,38.3,59.78,26916,11436,16054,94.33,7451,18,0.7169,11870,11506,81.32,37.33333333,"23.667186525",56.6749844,4.47
